[{"place_id":"20920680","geometry":{"type":"Point","coordinates":[12.4151279,44.1069982]},"display_name":"Galleria  San Sebastiano, Galleria del Centro, San Mauro Pascoli, FC, EMR, 47030, Italia","category":"attractions","type":"artwork","importance":0.001,"icon":"http://nominatim.openstreetmap.org/images/mapicons/tourist_art_gallery2.p.20.png","visiting_time":5.0,"opening_hours":null,"opening_days":null,"rating":0,"photo_url":null,"description":null,"www":null},{"place_id":"24287114","geometry":{"type":"Point","coordinates":[12.427604,44.1573874]},"display_name":"Old Wild West, Via Portazza, Savignano sul Rubicone, FC, EMR, 47030, Italia","category":"eating","type":"fast_food","importance":0.001,"icon":"http://nominatim.openstreetmap.org/images/mapicons/food_fastfood.p.20.png","visiting_time":30.0,"opening_hours":null,"opening_days":null,"rating":0,"photo_url":null,"description":null,"www":null},{"place_id":"112077000","geometry":{"type":"Point","coordinates":[12.432662553,44.1568879]},"display_name":"McDonald's, Via Ferdinando Magellano, Savignano sul Rubicone, FC, EMR, 47030, Italia","category":"eating","type":"fast_food","importance":0.001,"icon":"http://nominatim.openstreetmap.org/images/mapicons/food_fastfood.p.20.png","visiting_time":30.0,"opening_hours":null,"opening_days":null,"rating":0,"photo_url":null,"description":null,"www":null},{"place_id":"20660984","geometry":{"type":"Point","coordinates":[12.4138082,44.1065032]},"display_name":"Ionica, 68, Via Giacomo Matteotti, San Mauro Pascoli, FC, EMR, 47030, Italia","category":"eating","type":"fast_food","importance":0.001,"icon":"http://nominatim.openstreetmap.org/images/mapicons/food_fastfood.p.20.png","visiting_time":30.0,"opening_hours":null,"opening_days":null,"rating":0,"photo_url":null,"description":null,"www":null},{"place_id":"176076018","geometry":{"type":"Point","coordinates":[12.44445945,44.16432115]},"display_name":"Piadineria Bicio & Vale, 22, Via della Libertà, San Mauro Pascoli, FC, EMR, 47030, Italia","category":"eating","type":"fast_food","importance":0.001,"icon":"http://nominatim.openstreetmap.org/images/mapicons/food_fastfood.p.20.png","visiting_time":30.0,"opening_hours":null,"opening_days":null,"rating":0,"photo_url":null,"description":null,"www":null},{"place_id":"59051109","geometry":{"type":"Point","coordinates":[12.4480419,44.1633485]},"display_name":"I Piadinai, 21, Viale Caterina Vincenzi, San Mauro Pascoli, FC, EMR, 47030, Italia","category":"eating","type":"fast_food","importance":0.001,"icon":"http://nominatim.openstreetmap.org/images/mapicons/food_fastfood.p.20.png","visiting_time":30.0,"opening_hours":null,"opening_days":null,"rating":0,"photo_url":null,"description":null,"www":null},{"place_id":"21076405","geometry":{"type":"Point","coordinates":[12.4156643,44.10565]},"display_name":"La stuzzicheria di Miro Barducci, Via Giovanni Pascoli, San Mauro Pascoli, FC, EMR, 47030, Italia","category":"eating","type":"fast_food","importance":0.001,"icon":"http://nominatim.openstreetmap.org/images/mapicons/food_fastfood.p.20.png","visiting_time":30.0,"opening_hours":null,"opening_days":null,"rating":0,"photo_url":null,"description":null,"www":null},{"place_id":"56773343","geometry":{"type":"Point","coordinates":[12.4076997,44.1552391]},"display_name":"Due Ponti, Via Rigossa, Gatteo, FC, EMR, 47042, Italia","category":"eating","type":"restaurant","importance":0.001,"icon":"http://nominatim.openstreetmap.org/images/mapicons/food_restaurant.p.20.png","visiting_time":60.0,"opening_hours":null,"opening_days":null,"rating":0,"photo_url":null,"description":null,"www":null},{"place_id":"48642736","geometry":{"type":"Point","coordinates":[12.4073534,44.1059842]},"display_name":"Il Chioschetto, Via Bastia, Savignano sul Rubicone, FC, EMR, 47030, Italia","category":"eating","type":"restaurant","importance":0.001,"icon":"http://nominatim.openstreetmap.org/images/mapicons/food_restaurant.p.20.png","visiting_time":60.0,"opening_hours":null,"opening_days":null,"rating":0,"photo_url":null,"description":null,"www":null},{"place_id":"18183554","geometry":{"type":"Point","coordinates":[12.4112686,44.1040631]},"display_name":"Ristorante 2020, Via Roma, Savignano sul Rubicone, FC, EMR, 47030, Italia","category":"eating","type":"restaurant","importance":0.001,"icon":"http://nominatim.openstreetmap.org/images/mapicons/food_restaurant.p.20.png","visiting_time":60.0,"opening_hours":null,"opening_days":null,"rating":0,"photo_url":null,"description":null,"www":null},{"place_id":"21542790","geometry":{"type":"Point","coordinates":[12.4152548,44.0899766]},"display_name":"Pizzeria Da Ettore, Via Mattei, Savignano sul Rubicone, FC, EMR, 47030, Italia","category":"eating","type":"restaurant","importance":0.001,"icon":"http://nominatim.openstreetmap.org/images/mapicons/food_restaurant.p.20.png","visiting_time":60.0,"opening_hours":null,"opening_days":null,"rating":0,"photo_url":null,"description":null,"www":null},{"place_id":"113934278","geometry":{"type":"Point","coordinates":[12.4081472,44.11607085]},"display_name":"Autogrill Rubicone Ovest, Area di servizio Rubicone Ovest, Savignano sul Rubicone, FC, EMR, 47039, Italia","category":"eating","type":"restaurant","importance":0.001,"icon":"http://nominatim.openstreetmap.org/images/mapicons/food_restaurant.p.20.png","visiting_time":60.0,"opening_hours":null,"opening_days":null,"rating":0,"photo_url":null,"description":null,"www":null},{"place_id":"155426655","geometry":{"type":"Point","coordinates":[12.41473239,44.08969915]},"display_name":"L'Angolo della piadina, Via Mattei, Savignano sul Rubicone, FC, EMR, 47030, Italia","category":"eating","type":"restaurant","importance":0.001,"icon":"http://nominatim.openstreetmap.org/images/mapicons/food_restaurant.p.20.png","visiting_time":60.0,"opening_hours":null,"opening_days":null,"rating":0,"photo_url":null,"description":null,"www":null},{"place_id":"112807363","geometry":{"type":"Point","coordinates":[12.439989952,44.16323305]},"display_name":"Ristorante Pizzeria Oasi, 26, Via Matrice Destra, Savignano sul Rubicone, FC, EMR, 47039, Italia","category":"eating","type":"restaurant","importance":0.001,"icon":"http://nominatim.openstreetmap.org/images/mapicons/food_restaurant.p.20.png","visiting_time":60.0,"opening_hours":null,"opening_days":null,"rating":0,"photo_url":null,"description":null,"www":null},{"place_id":"57505306","geometry":{"type":"Point","coordinates":[12.429894,44.158579]},"display_name":"Risto', 3, Via Ferdinando Magellano, Savignano sul Rubicone, FC, EMR, 47030, Italia","category":"eating","type":"restaurant","importance":0.001,"icon":"http://nominatim.openstreetmap.org/images/mapicons/food_restaurant.p.20.png","visiting_time":60.0,"opening_hours":null,"opening_days":null,"rating":0,"photo_url":null,"description":null,"www":null},{"place_id":"112077000","geometry":{"type":"Point","coordinates":[12.432662553,44.1568879]},"display_name":"McDonald's, Via Ferdinando Magellano, Savignano sul Rubicone, FC, EMR, 47030, Italia","category":"eating","type":"fast_food","importance":0.001,"icon":"http://nominatim.openstreetmap.org/images/mapicons/food_fastfood.p.20.png","visiting_time":60.0,"opening_hours":null,"opening_days":null,"rating":0,"photo_url":null,"description":null,"www":null},{"place_id":"24287114","geometry":{"type":"Point","coordinates":[12.427604,44.1573874]},"display_name":"Old Wild West, Via Portazza, Savignano sul Rubicone, FC, EMR, 47030, Italia","category":"eating","type":"fast_food","importance":0.001,"icon":"http://nominatim.openstreetmap.org/images/mapicons/food_fastfood.p.20.png","visiting_time":60.0,"opening_hours":null,"opening_days":null,"rating":0,"photo_url":null,"description":null,"www":null},{"place_id":"20957691","geometry":{"type":"Point","coordinates":[12.4150581,44.1069616]},"display_name":"Osteria Enoteca  Uva Nera, 4, Via Giacomo Matteotti, San Mauro Pascoli, FC, EMR, 47030, Italia","category":"eating","type":"restaurant","importance":0.001,"icon":"http://nominatim.openstreetmap.org/images/mapicons/food_restaurant.p.20.png","visiting_time":60.0,"opening_hours":null,"opening_days":null,"rating":0,"photo_url":null,"description":null,"www":null},{"place_id":"20438330","geometry":{"type":"Point","coordinates":[12.4186147,44.1073468]},"display_name":"Chiosco  La Chicca, 2, Via Montessori, San Mauro Pascoli, FC, EMR, 47030, Italia","category":"eating","type":"restaurant","importance":0.001,"icon":"http://nominatim.openstreetmap.org/images/mapicons/food_restaurant.p.20.png","visiting_time":60.0,"opening_hours":null,"opening_days":null,"rating":0,"photo_url":null,"description":null,"www":null},{"place_id":"60768489","geometry":{"type":"Point","coordinates":[12.4463869,44.1646474]},"display_name":"La Terrazza, 15, Viale Ruggero Pascoli, San Mauro Pascoli, FC, EMR, 47030, Italia","category":"eating","type":"restaurant","importance":0.001,"icon":"http://nominatim.openstreetmap.org/images/mapicons/food_restaurant.p.20.png","visiting_time":60.0,"opening_hours":null,"opening_days":null,"rating":0,"photo_url":null,"description":null,"www":null},{"place_id":"18234978","geometry":{"type":"Point","coordinates":[12.4360453,44.1000142]},"display_name":"Via Stradone, San Mauro Pascoli, FC, EMR, 47030, Italia","category":"eating","type":"restaurant","importance":0.001,"icon":"http://nominatim.openstreetmap.org/images/mapicons/food_restaurant.p.20.png","visiting_time":60.0,"opening_hours":null,"opening_days":null,"rating":0,"photo_url":null,"description":null,"www":null},{"place_id":"60055192","geometry":{"type":"Point","coordinates":[12.4453577,44.1656205]},"display_name":"Marebianco Osteria Pizzeria, 25, Viale Ruggero Pascoli, San Mauro Pascoli, FC, EMR, 47030, Italia","category":"eating","type":"restaurant","importance":0.001,"icon":"http://nominatim.openstreetmap.org/images/mapicons/food_restaurant.p.20.png","visiting_time":60.0,"opening_hours":null,"opening_days":null,"rating":0,"photo_url":null,"description":null,"www":null},{"place_id":"17757077","geometry":{"type":"Point","coordinates":[12.4152902,44.1106655]},"display_name":"Ristorante Del Sole, Via del Sole, San Mauro Pascoli, FC, EMR, 47030, Italia","category":"eating","type":"restaurant","importance":0.001,"icon":"http://nominatim.openstreetmap.org/images/mapicons/food_restaurant.p.20.png","visiting_time":60.0,"opening_hours":null,"opening_days":null,"rating":0,"photo_url":null,"description":null,"www":null},{"place_id":"53630031","geometry":{"type":"Point","coordinates":[12.447786,44.1632465]},"display_name":"Luna Rossa, 14, Viale Caterina Vincenzi, San Mauro Pascoli, FC, EMR, 47030, Italia","category":"eating","type":"restaurant","importance":0.001,"icon":"http://nominatim.openstreetmap.org/images/mapicons/food_restaurant.p.20.png","visiting_time":60.0,"opening_hours":null,"opening_days":null,"rating":0,"photo_url":null,"description":null,"www":null},{"place_id":"20474003","geometry":{"type":"Point","coordinates":[12.4148288,44.1068624]},"display_name":"Pizzeria  Napoli, 32, Via Giacomo Matteotti, San Mauro Pascoli, FC, EMR, 47030, Italia","category":"eating","type":"restaurant","importance":0.001,"icon":"http://nominatim.openstreetmap.org/images/mapicons/food_restaurant.p.20.png","visiting_time":60.0,"opening_hours":null,"opening_days":null,"rating":0,"photo_url":null,"description":null,"www":null},{"place_id":"55215659","geometry":{"type":"Point","coordinates":[12.4385276,44.1601509]},"display_name":"Ristorante Da Marco, 4, Via Ex SS. N. 16, San Mauro Pascoli, FC, EMR, 47030, Italia","category":"eating","type":"restaurant","importance":0.001,"icon":"http://nominatim.openstreetmap.org/images/mapicons/food_restaurant.p.20.png","visiting_time":60.0,"opening_hours":null,"opening_days":null,"rating":0,"photo_url":null,"description":null,"www":null},{"place_id":"18592156","geometry":{"type":"Point","coordinates":[12.4152433,44.1065764]},"display_name":"Osteria  Vinho Verde, 16, Piazza Giuseppe Mazzini, San Mauro Pascoli, FC, EMR, 47030, Italia","category":"eating","type":"restaurant","importance":0.001,"icon":"http://nominatim.openstreetmap.org/images/mapicons/food_restaurant.p.20.png","visiting_time":60.0,"opening_hours":null,"opening_days":null,"rating":0,"photo_url":null,"description":null,"www":null},{"place_id":"20796540","geometry":{"type":"Point","coordinates":[12.4132771,44.1063183]},"display_name":"Bio Pizza, 29, Via Giacomo Matteotti, San Mauro Pascoli, FC, EMR, 47030, Italia","category":"eating","type":"restaurant","importance":0.001,"icon":"http://nominatim.openstreetmap.org/images/mapicons/food_restaurant.p.20.png","visiting_time":60.0,"opening_hours":null,"opening_days":null,"rating":0,"photo_url":null,"description":null,"www":null},{"place_id":"61936827","geometry":{"type":"Point","coordinates":[12.4464973,44.1636871]},"display_name":"La Burasca, 5, Via Pineta, San Mauro Pascoli, FC, EMR, 47030, Italia","category":"eating","type":"restaurant","importance":0.001,"icon":"http://nominatim.openstreetmap.org/images/mapicons/food_restaurant.p.20.png","visiting_time":60.0,"opening_hours":null,"opening_days":null,"rating":0,"photo_url":null,"description":null,"www":null},{"place_id":"59692142","geometry":{"type":"Point","coordinates":[12.4496235,44.162806]},"display_name":"Onda Blu, 1, Via Orsa Minore, San Mauro Pascoli, FC, EMR, 47030, Italia","category":"eating","type":"restaurant","importance":0.001,"icon":"http://nominatim.openstreetmap.org/images/mapicons/food_restaurant.p.20.png","visiting_time":60.0,"opening_hours":null,"opening_days":null,"rating":0,"photo_url":null,"description":null,"www":null},{"place_id":"18129288","geometry":{"type":"Point","coordinates":[12.4130594,44.1112198]},"display_name":"Chiosco  Cal Burdeli, Via Antonia Da Barignano, San Mauro Pascoli, FC, EMR, 47030, Italia","category":"eating","type":"restaurant","importance":0.001,"icon":"http://nominatim.openstreetmap.org/images/mapicons/food_restaurant.p.20.png","visiting_time":60.0,"opening_hours":null,"opening_days":null,"rating":0,"photo_url":null,"description":null,"www":null},{"place_id":"54166173","geometry":{"type":"Point","coordinates":[12.4462262,44.1648687]},"display_name":"Poseidon, 17, Viale Ruggero Pascoli, San Mauro Pascoli, FC, EMR, 47030, Italia","category":"eating","type":"restaurant","importance":0.001,"icon":"http://nominatim.openstreetmap.org/images/mapicons/food_restaurant.p.20.png","visiting_time":60.0,"opening_hours":null,"opening_days":null,"rating":0,"photo_url":null,"description":null,"www":null},{"place_id":"18494421","geometry":{"type":"Point","coordinates":[12.4356079,44.1125566]},"display_name":"Via Bellaria, San Mauro Pascoli, FC, EMR, 47030, Italia","category":"eating","type":"restaurant","importance":0.001,"icon":"http://nominatim.openstreetmap.org/images/mapicons/food_restaurant.p.20.png","visiting_time":60.0,"opening_hours":null,"opening_days":null,"rating":0,"photo_url":null,"description":null,"www":null},{"place_id":"53325011","geometry":{"type":"Point","coordinates":[12.4473653,44.1640586]},"display_name":"BAR RISTORANTE CENTRALE, 3, Viale Marina, San Mauro Pascoli, FC, EMR, 47030, Italia","category":"eating","type":"restaurant","importance":0.001,"icon":"http://nominatim.openstreetmap.org/images/mapicons/food_restaurant.p.20.png","visiting_time":60.0,"opening_hours":null,"opening_days":null,"rating":0,"photo_url":null,"description":null,"www":null},{"place_id":"60725223","geometry":{"type":"Point","coordinates":[12.4446273,44.1615424]},"display_name":"Il Caminetto, 11, Via Federici, San Mauro Pascoli, FC, EMR, 47030, Italia","category":"eating","type":"restaurant","importance":0.001,"icon":"http://nominatim.openstreetmap.org/images/mapicons/food_restaurant.p.20.png","visiting_time":60.0,"opening_hours":null,"opening_days":null,"rating":0,"photo_url":null,"description":null,"www":null},{"place_id":"59051109","geometry":{"type":"Point","coordinates":[12.4480419,44.1633485]},"display_name":"I Piadinai, 21, Viale Caterina Vincenzi, San Mauro Pascoli, FC, EMR, 47030, Italia","category":"eating","type":"fast_food","importance":0.001,"icon":"http://nominatim.openstreetmap.org/images/mapicons/food_fastfood.p.20.png","visiting_time":60.0,"opening_hours":null,"opening_days":null,"rating":0,"photo_url":null,"description":null,"www":null},{"place_id":"20660984","geometry":{"type":"Point","coordinates":[12.4138082,44.1065032]},"display_name":"Ionica, 68, Via Giacomo Matteotti, San Mauro Pascoli, FC, EMR, 47030, Italia","category":"eating","type":"fast_food","importance":0.001,"icon":"http://nominatim.openstreetmap.org/images/mapicons/food_fastfood.p.20.png","visiting_time":60.0,"opening_hours":null,"opening_days":null,"rating":0,"photo_url":null,"description":null,"www":null},{"place_id":"176076018","geometry":{"type":"Point","coordinates":[12.44445945,44.16432115]},"display_name":"Piadineria Bicio & Vale, 22, Via della Libertà, San Mauro Pascoli, FC, EMR, 47030, Italia","category":"eating","type":"fast_food","importance":0.001,"icon":"http://nominatim.openstreetmap.org/images/mapicons/food_fastfood.p.20.png","visiting_time":60.0,"opening_hours":null,"opening_days":null,"rating":0,"photo_url":null,"description":null,"www":null},{"place_id":"21076405","geometry":{"type":"Point","coordinates":[12.4156643,44.10565]},"display_name":"La stuzzicheria di Miro Barducci, Via Giovanni Pascoli, San Mauro Pascoli, FC, EMR, 47030, Italia","category":"eating","type":"fast_food","importance":0.001,"icon":"http://nominatim.openstreetmap.org/images/mapicons/food_fastfood.p.20.png","visiting_time":60.0,"opening_hours":null,"opening_days":null,"rating":0,"photo_url":null,"description":null,"www":null},{"place_id":"26015910","geometry":{"type":"Point","coordinates":[12.4513499,44.1545389]},"display_name":"L'Isola che non c'è, Via Fratelli Cervi, Cagnona, Bellaria-Igea Marina, RN, EMR, 47030, Italia","category":"eating","type":"restaurant","importance":0.001,"icon":"http://nominatim.openstreetmap.org/images/mapicons/food_restaurant.p.20.png","visiting_time":60.0,"opening_hours":null,"opening_days":null,"rating":0,"photo_url":null,"description":null,"www":null},{"place_id":"121617692","geometry":{"type":"Point","coordinates":[12.452407826,44.16004865]},"display_name":"Ultima Spiaggia, Via Abbazia, Cagnona, Bellaria-Igea Marina, RN, EMR, 47030, Italia","category":"eating","type":"restaurant","importance":0.001,"icon":"http://nominatim.openstreetmap.org/images/mapicons/food_restaurant.p.20.png","visiting_time":60.0,"opening_hours":null,"opening_days":null,"rating":0,"photo_url":null,"description":null,"www":null},{"place_id":"56773343","geometry":{"type":"Point","coordinates":[12.4076997,44.1552391]},"display_name":"Due Ponti, Via Rigossa, Gatteo, FC, EMR, 47042, Italia","category":"eating","type":"restaurant","importance":0.001,"icon":"http://nominatim.openstreetmap.org/images/mapicons/food_restaurant.p.20.png","visiting_time":60.0,"opening_hours":null,"opening_days":null,"rating":0,"photo_url":null,"description":null,"www":null},{"place_id":"113934278","geometry":{"type":"Point","coordinates":[12.4081472,44.11607085]},"display_name":"Autogrill Rubicone Ovest, Area di servizio Rubicone Ovest, Savignano sul Rubicone, FC, EMR, 47039, Italia","category":"eating","type":"restaurant","importance":0.001,"icon":"http://nominatim.openstreetmap.org/images/mapicons/food_restaurant.p.20.png","visiting_time":60.0,"opening_hours":null,"opening_days":null,"rating":0,"photo_url":null,"description":null,"www":null},{"place_id":"21542790","geometry":{"type":"Point","coordinates":[12.4152548,44.0899766]},"display_name":"Pizzeria Da Ettore, Via Mattei, Savignano sul Rubicone, FC, EMR, 47030, Italia","category":"eating","type":"restaurant","importance":0.001,"icon":"http://nominatim.openstreetmap.org/images/mapicons/food_restaurant.p.20.png","visiting_time":60.0,"opening_hours":null,"opening_days":null,"rating":0,"photo_url":null,"description":null,"www":null},{"place_id":"112807363","geometry":{"type":"Point","coordinates":[12.439989952,44.16323305]},"display_name":"Ristorante Pizzeria Oasi, 26, Via Matrice Destra, Savignano sul Rubicone, FC, EMR, 47039, Italia","category":"eating","type":"restaurant","importance":0.001,"icon":"http://nominatim.openstreetmap.org/images/mapicons/food_restaurant.p.20.png","visiting_time":60.0,"opening_hours":null,"opening_days":null,"rating":0,"photo_url":null,"description":null,"www":null},{"place_id":"155426655","geometry":{"type":"Point","coordinates":[12.41473239,44.08969915]},"display_name":"L'Angolo della piadina, Via Mattei, Savignano sul Rubicone, FC, EMR, 47030, Italia","category":"eating","type":"restaurant","importance":0.001,"icon":"http://nominatim.openstreetmap.org/images/mapicons/food_restaurant.p.20.png","visiting_time":60.0,"opening_hours":null,"opening_days":null,"rating":0,"photo_url":null,"description":null,"www":null},{"place_id":"18183554","geometry":{"type":"Point","coordinates":[12.4112686,44.1040631]},"display_name":"Ristorante 2020, Via Roma, Savignano sul Rubicone, FC, EMR, 47030, Italia","category":"eating","type":"restaurant","importance":0.001,"icon":"http://nominatim.openstreetmap.org/images/mapicons/food_restaurant.p.20.png","visiting_time":60.0,"opening_hours":null,"opening_days":null,"rating":0,"photo_url":null,"description":null,"www":null},{"place_id":"57505306","geometry":{"type":"Point","coordinates":[12.429894,44.158579]},"display_name":"Risto', 3, Via Ferdinando Magellano, Savignano sul Rubicone, FC, EMR, 47030, Italia","category":"eating","type":"restaurant","importance":0.001,"icon":"http://nominatim.openstreetmap.org/images/mapicons/food_restaurant.p.20.png","visiting_time":60.0,"opening_hours":null,"opening_days":null,"rating":0,"photo_url":null,"description":null,"www":null},{"place_id":"48642736","geometry":{"type":"Point","coordinates":[12.4073534,44.1059842]},"display_name":"Il Chioschetto, Via Bastia, Savignano sul Rubicone, FC, EMR, 47030, Italia","category":"eating","type":"restaurant","importance":0.001,"icon":"http://nominatim.openstreetmap.org/images/mapicons/food_restaurant.p.20.png","visiting_time":60.0,"opening_hours":null,"opening_days":null,"rating":0,"photo_url":null,"description":null,"www":null},{"place_id":"18494421","geometry":{"type":"Point","coordinates":[12.4356079,44.1125566]},"display_name":"Via Bellaria, San Mauro Pascoli, FC, EMR, 47030, Italia","category":"eating","type":"restaurant","importance":0.001,"icon":"http://nominatim.openstreetmap.org/images/mapicons/food_restaurant.p.20.png","visiting_time":60.0,"opening_hours":null,"opening_days":null,"rating":0,"photo_url":null,"description":null,"www":null},{"place_id":"53325011","geometry":{"type":"Point","coordinates":[12.4473653,44.1640586]},"display_name":"BAR RISTORANTE CENTRALE, 3, Viale Marina, San Mauro Pascoli, FC, EMR, 47030, Italia","category":"eating","type":"restaurant","importance":0.001,"icon":"http://nominatim.openstreetmap.org/images/mapicons/food_restaurant.p.20.png","visiting_time":60.0,"opening_hours":null,"opening_days":null,"rating":0,"photo_url":null,"description":null,"www":null},{"place_id":"60725223","geometry":{"type":"Point","coordinates":[12.4446273,44.1615424]},"display_name":"Il Caminetto, 11, Via Federici, San Mauro Pascoli, FC, EMR, 47030, Italia","category":"eating","type":"restaurant","importance":0.001,"icon":"http://nominatim.openstreetmap.org/images/mapicons/food_restaurant.p.20.png","visiting_time":60.0,"opening_hours":null,"opening_days":null,"rating":0,"photo_url":null,"description":null,"www":null},{"place_id":"18234978","geometry":{"type":"Point","coordinates":[12.4360453,44.1000142]},"display_name":"Via Stradone, San Mauro Pascoli, FC, EMR, 47030, Italia","category":"eating","type":"restaurant","importance":0.001,"icon":"http://nominatim.openstreetmap.org/images/mapicons/food_restaurant.p.20.png","visiting_time":60.0,"opening_hours":null,"opening_days":null,"rating":0,"photo_url":null,"description":null,"www":null},{"place_id":"55215659","geometry":{"type":"Point","coordinates":[12.4385276,44.1601509]},"display_name":"Ristorante Da Marco, 4, Via Ex SS. N. 16, San Mauro Pascoli, FC, EMR, 47030, Italia","category":"eating","type":"restaurant","importance":0.001,"icon":"http://nominatim.openstreetmap.org/images/mapicons/food_restaurant.p.20.png","visiting_time":60.0,"opening_hours":null,"opening_days":null,"rating":0,"photo_url":null,"description":null,"www":null},{"place_id":"60055192","geometry":{"type":"Point","coordinates":[12.4453577,44.1656205]},"display_name":"Marebianco Osteria Pizzeria, 25, Viale Ruggero Pascoli, San Mauro Pascoli, FC, EMR, 47030, Italia","category":"eating","type":"restaurant","importance":0.001,"icon":"http://nominatim.openstreetmap.org/images/mapicons/food_restaurant.p.20.png","visiting_time":60.0,"opening_hours":null,"opening_days":null,"rating":0,"photo_url":null,"description":null,"www":null},{"place_id":"60768489","geometry":{"type":"Point","coordinates":[12.4463869,44.1646474]},"display_name":"La Terrazza, 15, Viale Ruggero Pascoli, San Mauro Pascoli, FC, EMR, 47030, Italia","category":"eating","type":"restaurant","importance":0.001,"icon":"http://nominatim.openstreetmap.org/images/mapicons/food_restaurant.p.20.png","visiting_time":60.0,"opening_hours":null,"opening_days":null,"rating":0,"photo_url":null,"description":null,"www":null},{"place_id":"61936827","geometry":{"type":"Point","coordinates":[12.4464973,44.1636871]},"display_name":"La Burasca, 5, Via Pineta, San Mauro Pascoli, FC, EMR, 47030, Italia","category":"eating","type":"restaurant","importance":0.001,"icon":"http://nominatim.openstreetmap.org/images/mapicons/food_restaurant.p.20.png","visiting_time":60.0,"opening_hours":null,"opening_days":null,"rating":0,"photo_url":null,"description":null,"www":null},{"place_id":"59692142","geometry":{"type":"Point","coordinates":[12.4496235,44.162806]},"display_name":"Onda Blu, 1, Via Orsa Minore, San Mauro Pascoli, FC, EMR, 47030, Italia","category":"eating","type":"restaurant","importance":0.001,"icon":"http://nominatim.openstreetmap.org/images/mapicons/food_restaurant.p.20.png","visiting_time":60.0,"opening_hours":null,"opening_days":null,"rating":0,"photo_url":null,"description":null,"www":null},{"place_id":"18129288","geometry":{"type":"Point","coordinates":[12.4130594,44.1112198]},"display_name":"Chiosco  Cal Burdeli, Via Antonia Da Barignano, San Mauro Pascoli, FC, EMR, 47030, Italia","category":"eating","type":"restaurant","importance":0.001,"icon":"http://nominatim.openstreetmap.org/images/mapicons/food_restaurant.p.20.png","visiting_time":60.0,"opening_hours":null,"opening_days":null,"rating":0,"photo_url":null,"description":null,"www":null},{"place_id":"20796540","geometry":{"type":"Point","coordinates":[12.4132771,44.1063183]},"display_name":"Bio Pizza, 29, Via Giacomo Matteotti, San Mauro Pascoli, FC, EMR, 47030, Italia","category":"eating","type":"restaurant","importance":0.001,"icon":"http://nominatim.openstreetmap.org/images/mapicons/food_restaurant.p.20.png","visiting_time":60.0,"opening_hours":null,"opening_days":null,"rating":0,"photo_url":null,"description":null,"www":null},{"place_id":"18592156","geometry":{"type":"Point","coordinates":[12.4152433,44.1065764]},"display_name":"Osteria  Vinho Verde, 16, Piazza Giuseppe Mazzini, San Mauro Pascoli, FC, EMR, 47030, Italia","category":"eating","type":"restaurant","importance":0.001,"icon":"http://nominatim.openstreetmap.org/images/mapicons/food_restaurant.p.20.png","visiting_time":60.0,"opening_hours":null,"opening_days":null,"rating":0,"photo_url":null,"description":null,"www":null},{"place_id":"20474003","geometry":{"type":"Point","coordinates":[12.4148288,44.1068624]},"display_name":"Pizzeria  Napoli, 32, Via Giacomo Matteotti, San Mauro Pascoli, FC, EMR, 47030, Italia","category":"eating","type":"restaurant","importance":0.001,"icon":"http://nominatim.openstreetmap.org/images/mapicons/food_restaurant.p.20.png","visiting_time":60.0,"opening_hours":null,"opening_days":null,"rating":0,"photo_url":null,"description":null,"www":null},{"place_id":"17757077","geometry":{"type":"Point","coordinates":[12.4152902,44.1106655]},"display_name":"Ristorante Del Sole, Via del Sole, San Mauro Pascoli, FC, EMR, 47030, Italia","category":"eating","type":"restaurant","importance":0.001,"icon":"http://nominatim.openstreetmap.org/images/mapicons/food_restaurant.p.20.png","visiting_time":60.0,"opening_hours":null,"opening_days":null,"rating":0,"photo_url":null,"description":null,"www":null},{"place_id":"20957691","geometry":{"type":"Point","coordinates":[12.4150581,44.1069616]},"display_name":"Osteria Enoteca  Uva Nera, 4, Via Giacomo Matteotti, San Mauro Pascoli, FC, EMR, 47030, Italia","category":"eating","type":"restaurant","importance":0.001,"icon":"http://nominatim.openstreetmap.org/images/mapicons/food_restaurant.p.20.png","visiting_time":60.0,"opening_hours":null,"opening_days":null,"rating":0,"photo_url":null,"description":null,"www":null},{"place_id":"54166173","geometry":{"type":"Point","coordinates":[12.4462262,44.1648687]},"display_name":"Poseidon, 17, Viale Ruggero Pascoli, San Mauro Pascoli, FC, EMR, 47030, Italia","category":"eating","type":"restaurant","importance":0.001,"icon":"http://nominatim.openstreetmap.org/images/mapicons/food_restaurant.p.20.png","visiting_time":60.0,"opening_hours":null,"opening_days":null,"rating":0,"photo_url":null,"description":null,"www":null},{"place_id":"20438330","geometry":{"type":"Point","coordinates":[12.4186147,44.1073468]},"display_name":"Chiosco  La Chicca, 2, Via Montessori, San Mauro Pascoli, FC, EMR, 47030, Italia","category":"eating","type":"restaurant","importance":0.001,"icon":"http://nominatim.openstreetmap.org/images/mapicons/food_restaurant.p.20.png","visiting_time":60.0,"opening_hours":null,"opening_days":null,"rating":0,"photo_url":null,"description":null,"www":null},{"place_id":"53630031","geometry":{"type":"Point","coordinates":[12.447786,44.1632465]},"display_name":"Luna Rossa, 14, Viale Caterina Vincenzi, San Mauro Pascoli, FC, EMR, 47030, Italia","category":"eating","type":"restaurant","importance":0.001,"icon":"http://nominatim.openstreetmap.org/images/mapicons/food_restaurant.p.20.png","visiting_time":60.0,"opening_hours":null,"opening_days":null,"rating":0,"photo_url":null,"description":null,"www":null},{"place_id":"26015910","geometry":{"type":"Point","coordinates":[12.4513499,44.1545389]},"display_name":"L'Isola che non c'è, Via Fratelli Cervi, Cagnona, Bellaria-Igea Marina, RN, EMR, 47030, Italia","category":"eating","type":"restaurant","importance":0.001,"icon":"http://nominatim.openstreetmap.org/images/mapicons/food_restaurant.p.20.png","visiting_time":60.0,"opening_hours":null,"opening_days":null,"rating":0,"photo_url":null,"description":null,"www":null},{"place_id":"121617692","geometry":{"type":"Point","coordinates":[12.452407826,44.16004865]},"display_name":"Ultima Spiaggia, Via Abbazia, Cagnona, Bellaria-Igea Marina, RN, EMR, 47030, Italia","category":"eating","type":"restaurant","importance":0.001,"icon":"http://nominatim.openstreetmap.org/images/mapicons/food_restaurant.p.20.png","visiting_time":60.0,"opening_hours":null,"opening_days":null,"rating":0,"photo_url":null,"description":null,"www":null},{"place_id":"20342737","geometry":{"type":"Point","coordinates":[12.416654,44.1073121]},"display_name":"Barcode, 4, Via Spinelli, San Mauro Pascoli, FC, EMR, 47030, Italia","category":"lifestyle","type":"bar","importance":0.101,"icon":"http://nominatim.openstreetmap.org/images/mapicons/food_bar.p.20.png","visiting_time":10.0,"opening_hours":null,"opening_days":null,"rating":0,"photo_url":null,"description":null,"www":null},{"place_id":"20903232","geometry":{"type":"Point","coordinates":[12.4144077,44.1067256]},"display_name":"Bar/Pasticceria/Gelateria  Mimosa, 46, Via Giacomo Matteotti, San Mauro Pascoli, FC, EMR, 47030, Italia","category":"lifestyle","type":"bar","importance":0.101,"icon":"http://nominatim.openstreetmap.org/images/mapicons/food_bar.p.20.png","visiting_time":10.0,"opening_hours":null,"opening_days":null,"rating":0,"photo_url":null,"description":null,"www":null},{"place_id":"18519844","geometry":{"type":"Point","coordinates":[12.4196773,44.104169]},"display_name":"Bar Nuovo, Via Togliatti, San Mauro Pascoli, FC, EMR, 47030, Italia","category":"lifestyle","type":"bar","importance":0.101,"icon":"http://nominatim.openstreetmap.org/images/mapicons/food_bar.p.20.png","visiting_time":10.0,"opening_hours":null,"opening_days":null,"rating":0,"photo_url":null,"description":null,"www":null},{"place_id":"20510089","geometry":{"type":"Point","coordinates":[12.4160827,44.1067112]},"display_name":"Bar Sport, Via Leopoldo Tosi, San Mauro Pascoli, FC, EMR, 47030, Italia","category":"lifestyle","type":"bar","importance":0.101,"icon":"http://nominatim.openstreetmap.org/images/mapicons/food_bar.p.20.png","visiting_time":10.0,"opening_hours":null,"opening_days":null,"rating":0,"photo_url":null,"description":null,"www":null},{"place_id":"21076405","geometry":{"type":"Point","coordinates":[12.4156643,44.10565]},"display_name":"La stuzzicheria di Miro Barducci, Via Giovanni Pascoli, San Mauro Pascoli, FC, EMR, 47030, Italia","category":"lifestyle","type":"fast_food","importance":0.101,"icon":"http://nominatim.openstreetmap.org/images/mapicons/food_fastfood.p.20.png","visiting_time":10.0,"opening_hours":null,"opening_days":null,"rating":0,"photo_url":null,"description":null,"www":null},{"place_id":"112077000","geometry":{"type":"Point","coordinates":[12.432662553,44.1568879]},"display_name":"McDonald's, Via Ferdinando Magellano, Savignano sul Rubicone, FC, EMR, 47030, Italia","category":"lifestyle","type":"fast_food","importance":0.001,"icon":"http://nominatim.openstreetmap.org/images/mapicons/food_fastfood.p.20.png","visiting_time":10.0,"opening_hours":null,"opening_days":null,"rating":0,"photo_url":null,"description":null,"www":null},{"place_id":"24287114","geometry":{"type":"Point","coordinates":[12.427604,44.1573874]},"display_name":"Old Wild West, Via Portazza, Savignano sul Rubicone, FC, EMR, 47030, Italia","category":"lifestyle","type":"fast_food","importance":0.001,"icon":"http://nominatim.openstreetmap.org/images/mapicons/food_fastfood.p.20.png","visiting_time":10.0,"opening_hours":null,"opening_days":null,"rating":0,"photo_url":null,"description":null,"www":null},{"place_id":"18485731","geometry":{"type":"Point","coordinates":[12.4143004,44.1069808]},"display_name":"Flyin' Donkey Pub, 12, Via Camillo Benso Conte di Cavour, San Mauro Pascoli, FC, EMR, 47030, Italia","category":"lifestyle","type":"pub","importance":0.001,"icon":"http://nominatim.openstreetmap.org/images/mapicons/food_pub.p.20.png","visiting_time":10.0,"opening_hours":null,"opening_days":null,"rating":0,"photo_url":null,"description":null,"www":null},{"place_id":"18272018","geometry":{"type":"Point","coordinates":[12.4349885,44.1103068]},"display_name":"Via Stradone, San Mauro Pascoli, FC, EMR, 47030, Italia","category":"lifestyle","type":"bar","importance":0.001,"icon":"http://nominatim.openstreetmap.org/images/mapicons/food_bar.p.20.png","visiting_time":10.0,"opening_hours":null,"opening_days":null,"rating":0,"photo_url":null,"description":null,"www":null},{"place_id":"61006597","geometry":{"type":"Point","coordinates":[12.445058,44.1629174]},"display_name":"54, Viale Marina, San Mauro Pascoli, FC, EMR, 47030, Italia","category":"lifestyle","type":"bar","importance":0.001,"icon":"http://nominatim.openstreetmap.org/images/mapicons/food_bar.p.20.png","visiting_time":10.0,"opening_hours":null,"opening_days":null,"rating":0,"photo_url":null,"description":null,"www":null},{"place_id":"20956966","geometry":{"type":"Point","coordinates":[12.4137027,44.1064743]},"display_name":"Gelateria  Pinguino, 80, Via Giacomo Matteotti, San Mauro Pascoli, FC, EMR, 47030, Italia","category":"lifestyle","type":"bar","importance":0.001,"icon":"http://nominatim.openstreetmap.org/images/mapicons/food_bar.p.20.png","visiting_time":10.0,"opening_hours":null,"opening_days":null,"rating":0,"photo_url":null,"description":null,"www":null},{"place_id":"18313188","geometry":{"type":"Point","coordinates":[12.4147063,44.1062318]},"display_name":"Via Giuseppe Garibaldi, San Mauro Pascoli, FC, EMR, 47030, Italia","category":"lifestyle","type":"bar","importance":0.001,"icon":"http://nominatim.openstreetmap.org/images/mapicons/food_bar.p.20.png","visiting_time":10.0,"opening_hours":null,"opening_days":null,"rating":0,"photo_url":null,"description":null,"www":null},{"place_id":"54708781","geometry":{"type":"Point","coordinates":[12.4461305,44.164597]},"display_name":"Tequila, 5, Via Cristoforo Colombo, San Mauro Pascoli, FC, EMR, 47030, Italia","category":"lifestyle","type":"bar","importance":0.001,"icon":"http://nominatim.openstreetmap.org/images/mapicons/food_bar.p.20.png","visiting_time":10.0,"opening_hours":null,"opening_days":null,"rating":0,"photo_url":null,"description":null,"www":null},{"place_id":"18288795","geometry":{"type":"Point","coordinates":[12.4153586,44.1066515]},"display_name":"Caffè  La Madeleine, 12, Piazza Giuseppe Mazzini, San Mauro Pascoli, FC, EMR, 47030, Italia","category":"lifestyle","type":"bar","importance":0.001,"icon":"http://nominatim.openstreetmap.org/images/mapicons/food_bar.p.20.png","visiting_time":10.0,"opening_hours":null,"opening_days":null,"rating":0,"photo_url":null,"description":null,"www":null},{"place_id":"59051109","geometry":{"type":"Point","coordinates":[12.4480419,44.1633485]},"display_name":"I Piadinai, 21, Viale Caterina Vincenzi, San Mauro Pascoli, FC, EMR, 47030, Italia","category":"lifestyle","type":"fast_food","importance":0.001,"icon":"http://nominatim.openstreetmap.org/images/mapicons/food_fastfood.p.20.png","visiting_time":10.0,"opening_hours":null,"opening_days":null,"rating":0,"photo_url":null,"description":null,"www":null},{"place_id":"176076018","geometry":{"type":"Point","coordinates":[12.44445945,44.16432115]},"display_name":"Piadineria Bicio & Vale, 22, Via della Libertà, San Mauro Pascoli, FC, EMR, 47030, Italia","category":"lifestyle","type":"fast_food","importance":0.001,"icon":"http://nominatim.openstreetmap.org/images/mapicons/food_fastfood.p.20.png","visiting_time":10.0,"opening_hours":null,"opening_days":null,"rating":0,"photo_url":null,"description":null,"www":null},{"place_id":"20660984","geometry":{"type":"Point","coordinates":[12.4138082,44.1065032]},"display_name":"Ionica, 68, Via Giacomo Matteotti, San Mauro Pascoli, FC, EMR, 47030, Italia","category":"lifestyle","type":"fast_food","importance":0.001,"icon":"http://nominatim.openstreetmap.org/images/mapicons/food_fastfood.p.20.png","visiting_time":10.0,"opening_hours":null,"opening_days":null,"rating":0,"photo_url":null,"description":null,"www":null},{"place_id":"18485731","geometry":{"type":"Point","coordinates":[12.4143004,44.1069808]},"display_name":"Flyin' Donkey Pub, 12, Via Camillo Benso Conte di Cavour, San Mauro Pascoli, FC, EMR, 47030, Italia","category":"lifestyle","type":"pub","importance":0.101,"icon":"http://nominatim.openstreetmap.org/images/mapicons/food_pub.p.20.png","visiting_time":90.0,"opening_hours":null,"opening_days":null,"rating":0,"photo_url":null,"description":null,"www":null},{"place_id":"62811607","geometry":{"type":"Point","coordinates":[12.4505398,44.1617566]},"display_name":"Re Pub, 228, Via Alfredo Panzini, Bellaria, Bellaria-Igea Marina, RN, EMR, 47030, Italia","category":"lifestyle","type":"cafe","importance":0.101,"icon":"http://nominatim.openstreetmap.org/images/mapicons/food_cafe.p.20.png","visiting_time":90.0,"opening_hours":null,"opening_days":null,"rating":0,"photo_url":null,"description":null,"www":null},{"place_id":"180169053","geometry":{"type":"Point","coordinates":[-8.3350726,43.2233149]},"display_name":"Abegondo, Galicia, CAFE, España","category":"lifestyle","type":"postcode","importance":0.2125,"icon":null,"visiting_time":10.0,"opening_hours":null,"opening_days":null,"rating":0,"photo_url":null,"description":null,"www":null},{"place_id":"19935557","geometry":{"type":"Point","coordinates":[12.4150795,44.1048103]},"display_name":"Cappella della Madonna dell'Acqua, Via Giovanni Pascoli, San Mauro Pascoli, FC, EMR, 47030, Italia","category":"attractions","type":"memorial","importance":0.001,"icon":"http://nominatim.openstreetmap.org/images/mapicons/tourist_monument.p.20.png","visiting_time":10.0,"opening_hours":null,"opening_days":null,"rating":0,"photo_url":null,"description":null,"www":null},{"place_id":"19935557","geometry":{"type":"Point","coordinates":[12.4150795,44.1048103]},"display_name":"Cappella della Madonna dell'Acqua, Via Giovanni Pascoli, San Mauro Pascoli, FC, EMR, 47030, Italia","category":"attractions","type":"memorial","importance":0.001,"icon":"http://nominatim.openstreetmap.org/images/mapicons/tourist_monument.p.20.png","visiting_time":10.0,"opening_hours":null,"opening_days":null,"rating":0,"photo_url":null,"description":null,"www":null},{"place_id":"112495241","geometry":{"type":"Point","coordinates":[12.415081941,44.1053111]},"display_name":"Casa Pascoli, Via Don Minzoni, San Mauro Pascoli, FC, EMR, 47030, Italia","category":"attractions","type":"museum","importance":0.001,"icon":"http://nominatim.openstreetmap.org/images/mapicons/tourist_museum.p.20.png","visiting_time":120.0,"opening_hours":null,"opening_days":null,"rating":0,"photo_url":null,"description":null,"www":null},{"place_id":"114880666","geometry":{"type":"Point","coordinates":[12.436000811,44.1130147]},"display_name":"Villa Torlonia (La Torre), Via Ticino, San Mauro Pascoli, FC, EMR, 47030, Italia","category":"attractions","type":"museum","importance":0.001,"icon":"http://nominatim.openstreetmap.org/images/mapicons/tourist_museum.p.20.png","visiting_time":120.0,"opening_hours":null,"opening_days":null,"rating":0,"photo_url":null,"description":null,"www":null},{"place_id":"123301043","geometry":{"type":"Point","coordinates":[12.45098375,44.1585062]},"display_name":"La Casa Rossa, 1, Via Pisino, Cagnona, Bellaria-Igea Marina, RN, EMR, 47814, Italia","category":"attractions","type":"museum","importance":0.001,"icon":"http://nominatim.openstreetmap.org/images/mapicons/tourist_museum.p.20.png","visiting_time":120.0,"opening_hours":null,"opening_days":null,"rating":0,"photo_url":null,"description":null,"www":null},{"place_id":"172202254","geometry":{"type":"Point","coordinates":[12.428682734,44.1605646]},"display_name":"Savignano sul Rubicone, FC, EMR, 47030, Italia","category":"parks","type":"park","importance":0.15,"icon":null,"visiting_time":90.0,"opening_hours":null,"opening_days":null,"rating":0,"photo_url":null,"description":null,"www":null},{"place_id":"108086024","geometry":{"type":"Point","coordinates":[12.408893671,44.1009794]},"display_name":"Parco Rio Salto, Savignano sul Rubicone, FC, EMR, 47030, Italia","category":"parks","type":"park","importance":0.15,"icon":null,"visiting_time":90.0,"opening_hours":null,"opening_days":null,"rating":0,"photo_url":null,"description":null,"www":null},{"place_id":"106456814","geometry":{"type":"Point","coordinates":[12.419642454,44.1019761]},"display_name":"San Mauro Pascoli, FC, EMR, 47030, Italia","category":"parks","type":"park","importance":0.15,"icon":null,"visiting_time":90.0,"opening_hours":null,"opening_days":null,"rating":0,"photo_url":null,"description":null,"www":null},{"place_id":"150975675","geometry":{"type":"Point","coordinates":[12.422274291,44.10785925]},"display_name":"Parco Aldo Moro, San Mauro Pascoli, FC, EMR, 47030, Italia","category":"parks","type":"park","importance":0.15,"icon":null,"visiting_time":90.0,"opening_hours":null,"opening_days":null,"rating":0,"photo_url":null,"description":null,"www":null},{"place_id":"150758327","geometry":{"type":"Point","coordinates":[12.409437869,44.10137945]},"display_name":"Parco Amendola, San Mauro Pascoli, FC, EMR, 47030, Italia","category":"parks","type":"park","importance":0.15,"icon":null,"visiting_time":90.0,"opening_hours":null,"opening_days":null,"rating":0,"photo_url":null,"description":null,"www":null},{"place_id":"149652105","geometry":{"type":"Point","coordinates":[12.443654235,44.1650307]},"display_name":"Parco Benelli, San Mauro Pascoli, FC, EMR, 47030, Italia","category":"parks","type":"park","importance":0.15,"icon":null,"visiting_time":90.0,"opening_hours":null,"opening_days":null,"rating":0,"photo_url":null,"description":null,"www":null},{"place_id":"108825577","geometry":{"type":"Point","coordinates":[12.419112588,44.10720515]},"display_name":"Parco Mino Giovagnoli, San Mauro Pascoli, FC, EMR, 47030, Italia","category":"parks","type":"park","importance":0.15,"icon":null,"visiting_time":90.0,"opening_hours":null,"opening_days":null,"rating":0,"photo_url":null,"description":null,"www":null},{"place_id":"107546924","geometry":{"type":"Point","coordinates":[12.413173741,44.10210565]},"display_name":"Parco Via Giovanni XXIII, San Mauro Pascoli, FC, EMR, 47030, Italia","category":"parks","type":"park","importance":0.15,"icon":null,"visiting_time":90.0,"opening_hours":null,"opening_days":null,"rating":0,"photo_url":null,"description":null,"www":null},{"place_id":"107391292","geometry":{"type":"Point","coordinates":[12.417213413,44.1017213]},"display_name":"Parco di Via Cova, San Mauro Pascoli, FC, EMR, 47030, Italia","category":"parks","type":"park","importance":0.15,"icon":null,"visiting_time":90.0,"opening_hours":null,"opening_days":null,"rating":0,"photo_url":null,"description":null,"www":null},{"place_id":"97371526","geometry":{"type":"Point","coordinates":[12.445432182,44.16387845]},"display_name":"Parco Stefano Campana, San Mauro Pascoli, FC, EMR, 47030, Italia","category":"parks","type":"park","importance":0.15,"icon":null,"visiting_time":90.0,"opening_hours":null,"opening_days":null,"rating":0,"photo_url":null,"description":null,"www":null},{"place_id":"106436065","geometry":{"type":"Point","coordinates":[12.453737088,44.1581709]},"display_name":"Parco dell'Alaterno, Cagnona, Bellaria-Igea Marina, RN, EMR, 47814, Italia","category":"parks","type":"park","importance":0.15,"icon":null,"visiting_time":90.0,"opening_hours":null,"opening_days":null,"rating":0,"photo_url":null,"description":null,"www":null},{"place_id":"178362219","geometry":{"type":"Point","coordinates":[12.452168046,44.14945635]},"display_name":"Cagnona, Bellaria-Igea Marina, RN, EMR, 47030, Italia","category":"parks","type":"park","importance":0.15,"icon":null,"visiting_time":90.0,"opening_hours":null,"opening_days":null,"rating":0,"photo_url":null,"description":null,"www":null},{"place_id":"104254670","geometry":{"type":"Point","coordinates":[12.453045055,44.1576398]},"display_name":"Parco caduti di Cefalonia, Cagnona, Bellaria-Igea Marina, RN, EMR, 47030, Italia","category":"parks","type":"park","importance":0.15,"icon":null,"visiting_time":90.0,"opening_hours":null,"opening_days":null,"rating":0,"photo_url":null,"description":null,"www":null},{"place_id":"176119624","geometry":{"type":"Point","coordinates":[12.451173962,44.154771]},"display_name":"Parco Pironi, Cagnona, Bellaria-Igea Marina, RN, EMR, 47814, Italia","category":"parks","type":"park","importance":0.15,"icon":null,"visiting_time":90.0,"opening_hours":null,"opening_days":null,"rating":0,"photo_url":null,"description":null,"www":null},{"place_id":"177793813","geometry":{"type":"Point","coordinates":[12.450384133,44.15729055]},"display_name":"Parco Alfredo Panzini, 2, Cagnona, Bellaria-Igea Marina, RN, EMR, 47814, Italia","category":"parks","type":"park","importance":0.15,"icon":null,"visiting_time":90.0,"opening_hours":null,"opening_days":null,"rating":0,"photo_url":null,"description":null,"www":null},{"place_id":"177058470","geometry":{"type":"Point","coordinates":[12.450890176,44.1601411]},"display_name":"Parco Valducci, Cagnona, Bellaria-Igea Marina, RN, EMR, 47030, Italia","category":"parks","type":"park","importance":0.15,"icon":null,"visiting_time":90.0,"opening_hours":null,"opening_days":null,"rating":0,"photo_url":null,"description":null,"www":null},{"place_id":"97464669","geometry":{"type":"Point","coordinates":[12.440385872,44.16204145]},"display_name":"Parco Mare Blu, Villamarina, San Mauro a Mare, FC, EMR, 47030, Italia","category":"parks","type":"park","importance":0.15,"icon":null,"visiting_time":90.0,"opening_hours":null,"opening_days":null,"rating":0,"photo_url":null,"description":null,"www":null},{"place_id":"121703320","geometry":{"type":"Point","coordinates":[12.450935736,44.13852185]},"display_name":"SP13bis, Bellaria Monte, San Mauro Pascoli, RN, EMR, 47030, Italia","category":"attractions","type":"place_of_worship","importance":0.001,"icon":"http://nominatim.openstreetmap.org/images/mapicons/place_of_worship_unknown3.p.20.png","visiting_time":30.0,"opening_hours":null,"opening_days":null,"rating":0,"photo_url":null,"description":null,"www":null},{"place_id":"20715627","geometry":{"type":"Point","coordinates":[12.4147067,44.106561]},"display_name":"Parrocchia  San Mauro Vescovo, Via Giacomo Matteotti, San Mauro Pascoli, FC, EMR, 47030, Italia","category":"attractions","type":"place_of_worship","importance":0.001,"icon":"http://nominatim.openstreetmap.org/images/mapicons/place_of_worship_unknown3.p.20.png","visiting_time":30.0,"opening_hours":null,"opening_days":null,"rating":0,"photo_url":null,"description":null,"www":null},{"place_id":"97151211","geometry":{"type":"Point","coordinates":[12.442224936,44.1639747]},"display_name":"Parrocchia Santa Maria Goretti, Via Alfredo Panzini, San Mauro Pascoli, FC, EMR, 47030, Italia","category":"attractions","type":"place_of_worship","importance":0.001,"icon":"http://nominatim.openstreetmap.org/images/mapicons/place_of_worship_unknown3.p.20.png","visiting_time":30.0,"opening_hours":null,"opening_days":null,"rating":0,"photo_url":null,"description":null,"www":null},{"place_id":"18445388","geometry":{"type":"Point","coordinates":[12.4146689,44.1064277]},"display_name":"Chiesa Arcipretale  San Mauro Vescovo, Via Giuseppe Garibaldi, San Mauro Pascoli, FC, EMR, 47030, Italia","category":"attractions","type":"place_of_worship","importance":0.001,"icon":"http://nominatim.openstreetmap.org/images/mapicons/place_of_worship_unknown3.p.20.png","visiting_time":30.0,"opening_hours":null,"opening_days":null,"rating":0,"photo_url":null,"description":null,"www":null},{"place_id":"123897062","geometry":{"type":"Point","coordinates":[12.451918468,44.15621565]},"display_name":"Via Fratelli Cervi, Cagnona, Bellaria-Igea Marina, RN, EMR, 47030, Italia","category":"attractions","type":"place_of_worship","importance":0.001,"icon":"http://nominatim.openstreetmap.org/images/mapicons/place_of_worship_unknown3.p.20.png","visiting_time":30.0,"opening_hours":null,"opening_days":null,"rating":0,"photo_url":null,"description":null,"www":null},{"place_id":"121703320","geometry":{"type":"Point","coordinates":[12.450935736,44.13852185]},"display_name":"SP13bis, Bellaria Monte, San Mauro Pascoli, RN, EMR, 47030, Italia","category":"attractions","type":"place_of_worship","importance":0.001,"icon":"http://nominatim.openstreetmap.org/images/mapicons/place_of_worship_unknown3.p.20.png","visiting_time":30.0,"opening_hours":null,"opening_days":null,"rating":0,"photo_url":null,"description":null,"www":null},{"place_id":"20715627","geometry":{"type":"Point","coordinates":[12.4147067,44.106561]},"display_name":"Parrocchia  San Mauro Vescovo, Via Giacomo Matteotti, San Mauro Pascoli, FC, EMR, 47030, Italia","category":"attractions","type":"place_of_worship","importance":0.001,"icon":"http://nominatim.openstreetmap.org/images/mapicons/place_of_worship_unknown3.p.20.png","visiting_time":30.0,"opening_hours":null,"opening_days":null,"rating":0,"photo_url":null,"description":null,"www":null},{"place_id":"97151211","geometry":{"type":"Point","coordinates":[12.442224936,44.1639747]},"display_name":"Parrocchia Santa Maria Goretti, Via Alfredo Panzini, San Mauro Pascoli, FC, EMR, 47030, Italia","category":"attractions","type":"place_of_worship","importance":0.001,"icon":"http://nominatim.openstreetmap.org/images/mapicons/place_of_worship_unknown3.p.20.png","visiting_time":30.0,"opening_hours":null,"opening_days":null,"rating":0,"photo_url":null,"description":null,"www":null},{"place_id":"18445388","geometry":{"type":"Point","coordinates":[12.4146689,44.1064277]},"display_name":"Chiesa Arcipretale  San Mauro Vescovo, Via Giuseppe Garibaldi, San Mauro Pascoli, FC, EMR, 47030, Italia","category":"attractions","type":"place_of_worship","importance":0.001,"icon":"http://nominatim.openstreetmap.org/images/mapicons/place_of_worship_unknown3.p.20.png","visiting_time":30.0,"opening_hours":null,"opening_days":null,"rating":0,"photo_url":null,"description":null,"www":null},{"place_id":"123897062","geometry":{"type":"Point","coordinates":[12.451918468,44.15621565]},"display_name":"Via Fratelli Cervi, Cagnona, Bellaria-Igea Marina, RN, EMR, 47030, Italia","category":"attractions","type":"place_of_worship","importance":0.001,"icon":"http://nominatim.openstreetmap.org/images/mapicons/place_of_worship_unknown3.p.20.png","visiting_time":30.0,"opening_hours":null,"opening_days":null,"rating":0,"photo_url":null,"description":null,"www":null},{"place_id":"62290651","geometry":{"type":"Point","coordinates":[12.4475575,44.1622715]},"display_name":"Hotel Fabio, 8, Via Diana, San Mauro Pascoli, FC, EMR, 47030, Italia","category":"resting","type":"hotel","importance":0.101,"icon":"http://nominatim.openstreetmap.org/images/mapicons/accommodation_hotel2.p.20.png","visiting_time":10.0,"opening_hours":null,"opening_days":null,"rating":0,"photo_url":null,"description":null,"www":null},{"place_id":"59884773","geometry":{"type":"Point","coordinates":[12.4474309,44.1635944]},"display_name":"Hotel Villa Bruna, 4, Viale Caterina Vincenzi, San Mauro Pascoli, FC, EMR, 47030, Italia","category":"resting","type":"hotel","importance":0.101,"icon":"http://nominatim.openstreetmap.org/images/mapicons/accommodation_hotel2.p.20.png","visiting_time":10.0,"opening_hours":null,"opening_days":null,"rating":0,"photo_url":null,"description":null,"www":null},{"place_id":"62120859","geometry":{"type":"Point","coordinates":[12.4458464,44.1620685]},"display_name":"Hotel Anna, 20, Via Orsa Maggiore, San Mauro Pascoli, FC, EMR, 47030, Italia","category":"resting","type":"hotel","importance":0.101,"icon":"http://nominatim.openstreetmap.org/images/mapicons/accommodation_hotel2.p.20.png","visiting_time":10.0,"opening_hours":null,"opening_days":null,"rating":0,"photo_url":null,"description":null,"www":null},{"place_id":"59051084","geometry":{"type":"Point","coordinates":[12.4447674,44.1631402]},"display_name":"Hotel Paglierani, 5, Via della Repubblica, San Mauro Pascoli, FC, EMR, 47030, Italia","category":"resting","type":"hotel","importance":0.101,"icon":"http://nominatim.openstreetmap.org/images/mapicons/accommodation_hotel2.p.20.png","visiting_time":10.0,"opening_hours":null,"opening_days":null,"rating":0,"photo_url":null,"description":null,"www":null},{"place_id":"62121056","geometry":{"type":"Point","coordinates":[12.4445782,44.1663004]},"display_name":"Hotel Alexander Spiaggia, 1, Viale Ruggero Pascoli, San Mauro Pascoli, FC, EMR, 47030, Italia","category":"resting","type":"hotel","importance":0.101,"icon":"http://nominatim.openstreetmap.org/images/mapicons/accommodation_hotel2.p.20.png","visiting_time":10.0,"opening_hours":null,"opening_days":null,"rating":0,"photo_url":null,"description":null,"www":null},{"place_id":"59007517","geometry":{"type":"Point","coordinates":[12.4488132,44.1627128]},"display_name":"Hotel Royal dip. Royal Inn, 27, Viale Caterina Vincenzi, San Mauro Pascoli, FC, EMR, 47030, Italia","category":"resting","type":"hotel","importance":0.101,"icon":"http://nominatim.openstreetmap.org/images/mapicons/accommodation_hotel2.p.20.png","visiting_time":10.0,"opening_hours":null,"opening_days":null,"rating":0,"photo_url":null,"description":null,"www":null},{"place_id":"61886224","geometry":{"type":"Point","coordinates":[12.4490109,44.1624503]},"display_name":"Hotel Royal Inn, 1, Via Orsa Minore, San Mauro Pascoli, FC, EMR, 47030, Italia","category":"resting","type":"hotel","importance":0.101,"icon":"http://nominatim.openstreetmap.org/images/mapicons/accommodation_hotel2.p.20.png","visiting_time":10.0,"opening_hours":null,"opening_days":null,"rating":0,"photo_url":null,"description":null,"www":null},{"place_id":"60113859","geometry":{"type":"Point","coordinates":[12.4471593,44.1620413]},"display_name":"Hotel Majestic, 10, Via Diana, San Mauro Pascoli, FC, EMR, 47030, Italia","category":"resting","type":"hotel","importance":0.101,"icon":"http://nominatim.openstreetmap.org/images/mapicons/accommodation_hotel2.p.20.png","visiting_time":10.0,"opening_hours":null,"opening_days":null,"rating":0,"photo_url":null,"description":null,"www":null},{"place_id":"60976001","geometry":{"type":"Point","coordinates":[12.4472033,44.1636443]},"display_name":"Hotel Villa Verde, 6a, Viale Marina, San Mauro Pascoli, FC, EMR, 47030, Italia","category":"resting","type":"hotel","importance":0.101,"icon":"http://nominatim.openstreetmap.org/images/mapicons/accommodation_hotel2.p.20.png","visiting_time":10.0,"opening_hours":null,"opening_days":null,"rating":0,"photo_url":null,"description":null,"www":null},{"place_id":"61907701","geometry":{"type":"Point","coordinates":[12.4464323,44.1643853]},"display_name":"Hotel Pironi dip., 13, Viale Ruggero Pascoli, San Mauro Pascoli, FC, EMR, 47030, Italia","category":"resting","type":"hotel","importance":0.101,"icon":"http://nominatim.openstreetmap.org/images/mapicons/accommodation_hotel2.p.20.png","visiting_time":10.0,"opening_hours":null,"opening_days":null,"rating":0,"photo_url":null,"description":null,"www":null},{"place_id":"62514487","geometry":{"type":"Point","coordinates":[12.4484565,44.1626139]},"display_name":"Hotel Danubio, 28, Via Diana, San Mauro Pascoli, FC, EMR, 47030, Italia","category":"resting","type":"hotel","importance":0.101,"icon":"http://nominatim.openstreetmap.org/images/mapicons/accommodation_hotel2.p.20.png","visiting_time":10.0,"opening_hours":null,"opening_days":null,"rating":0,"photo_url":null,"description":null,"www":null},{"place_id":"60566295","geometry":{"type":"Point","coordinates":[12.4454659,44.1654637]},"display_name":"Piccolo Hotel Ariston, 23, Viale Ruggero Pascoli, San Mauro Pascoli, FC, EMR, 47030, Italia","category":"resting","type":"hotel","importance":0.101,"icon":"http://nominatim.openstreetmap.org/images/mapicons/accommodation_hotel2.p.20.png","visiting_time":10.0,"opening_hours":null,"opening_days":null,"rating":0,"photo_url":null,"description":null,"www":null},{"place_id":"63020537","geometry":{"type":"Point","coordinates":[12.4453437,44.1647846]},"display_name":"Hotel Gazza, 8, Via Cristoforo Colombo, San Mauro Pascoli, FC, EMR, 47030, Italia","category":"resting","type":"hotel","importance":0.101,"icon":"http://nominatim.openstreetmap.org/images/mapicons/accommodation_hotel2.p.20.png","visiting_time":10.0,"opening_hours":null,"opening_days":null,"rating":0,"photo_url":null,"description":null,"www":null},{"place_id":"60348594","geometry":{"type":"Point","coordinates":[12.4450182,44.1625184]},"display_name":"Hotel Rosalba, 43, Viale Marina, San Mauro Pascoli, FC, EMR, 47030, Italia","category":"resting","type":"hotel","importance":0.101,"icon":"http://nominatim.openstreetmap.org/images/mapicons/accommodation_hotel2.p.20.png","visiting_time":10.0,"opening_hours":null,"opening_days":null,"rating":0,"photo_url":null,"description":null,"www":null},{"place_id":"62108748","geometry":{"type":"Point","coordinates":[12.4461117,44.1631316]},"display_name":"Hotel Jole, 17, Viale Marina, San Mauro Pascoli, FC, EMR, 47030, Italia","category":"resting","type":"hotel","importance":0.101,"icon":"http://nominatim.openstreetmap.org/images/mapicons/accommodation_hotel2.p.20.png","visiting_time":10.0,"opening_hours":null,"opening_days":null,"rating":0,"photo_url":null,"description":null,"www":null},{"place_id":"60055209","geometry":{"type":"Point","coordinates":[12.4447942,44.1627337]},"display_name":"Hotel Pascoli, 62, Viale Marina, San Mauro Pascoli, FC, EMR, 47030, Italia","category":"resting","type":"hotel","importance":0.101,"icon":"http://nominatim.openstreetmap.org/images/mapicons/accommodation_hotel2.p.20.png","visiting_time":10.0,"opening_hours":null,"opening_days":null,"rating":0,"photo_url":null,"description":null,"www":null},{"place_id":"112441728","geometry":{"type":"Point","coordinates":[12.448087336,44.16379525]},"display_name":"Hotel Vienna, 5, Via Dante, San Mauro Pascoli, FC, EMR, 47030, Italia","category":"resting","type":"hotel","importance":0.101,"icon":"http://nominatim.openstreetmap.org/images/mapicons/accommodation_hotel2.p.20.png","visiting_time":10.0,"opening_hours":null,"opening_days":null,"rating":0,"photo_url":null,"description":null,"www":null},{"place_id":"62516504","geometry":{"type":"Point","coordinates":[12.4451851,44.1626639]},"display_name":"Hotel Europa, 37, Viale Marina, San Mauro Pascoli, FC, EMR, 47030, Italia","category":"resting","type":"hotel","importance":0.101,"icon":"http://nominatim.openstreetmap.org/images/mapicons/accommodation_hotel2.p.20.png","visiting_time":10.0,"opening_hours":null,"opening_days":null,"rating":0,"photo_url":null,"description":null,"www":null},{"place_id":"61006614","geometry":{"type":"Point","coordinates":[12.4481998,44.1637332]},"display_name":"Hotel Vienna, 5, Via Dante, San Mauro Pascoli, FC, EMR, 47030, Italia","category":"resting","type":"hotel","importance":0.101,"icon":"http://nominatim.openstreetmap.org/images/mapicons/accommodation_hotel2.p.20.png","visiting_time":10.0,"opening_hours":null,"opening_days":null,"rating":0,"photo_url":null,"description":null,"www":null},{"place_id":"60507239","geometry":{"type":"Point","coordinates":[12.4454625,44.1627745]},"display_name":"Hotel Venezia, 31, Viale Marina, San Mauro Pascoli, FC, EMR, 47030, Italia","category":"resting","type":"hotel","importance":0.101,"icon":"http://nominatim.openstreetmap.org/images/mapicons/accommodation_hotel2.p.20.png","visiting_time":10.0,"opening_hours":null,"opening_days":null,"rating":0,"photo_url":null,"description":null,"www":null},{"place_id":"59884777","geometry":{"type":"Point","coordinates":[12.4485757,44.1633018]},"display_name":"Hotel Internazionale, 23, Viale Caterina Vincenzi, San Mauro Pascoli, FC, EMR, 47030, Italia","category":"resting","type":"hotel","importance":0.101,"icon":"http://nominatim.openstreetmap.org/images/mapicons/accommodation_hotel2.p.20.png","visiting_time":10.0,"opening_hours":null,"opening_days":null,"rating":0,"photo_url":null,"description":null,"www":null},{"place_id":"61076151","geometry":{"type":"Point","coordinates":[12.4484546,44.1636139]},"display_name":"Hotel Villa Gaia, 4, Via Dante, San Mauro Pascoli, FC, EMR, 47030, Italia","category":"resting","type":"hotel","importance":0.101,"icon":"http://nominatim.openstreetmap.org/images/mapicons/accommodation_hotel2.p.20.png","visiting_time":10.0,"opening_hours":null,"opening_days":null,"rating":0,"photo_url":null,"description":null,"www":null},{"place_id":"42443339","geometry":{"type":"Point","coordinates":[12.443792,44.1631031]},"display_name":"Hotel La Plaja, 16, Via della Repubblica, San Mauro Pascoli, FC, EMR, 47030, Italia","category":"resting","type":"hotel","importance":0.101,"icon":"http://nominatim.openstreetmap.org/images/mapicons/accommodation_hotel2.p.20.png","visiting_time":10.0,"opening_hours":null,"opening_days":null,"rating":0,"photo_url":null,"description":null,"www":null},{"place_id":"61248914","geometry":{"type":"Point","coordinates":[12.4438469,44.1619621]},"display_name":"Hotel Villa Boschetti, 55, Viale Marina, San Mauro Pascoli, FC, EMR, 47030, Italia","category":"resting","type":"hotel","importance":0.101,"icon":"http://nominatim.openstreetmap.org/images/mapicons/accommodation_hotel2.p.20.png","visiting_time":10.0,"opening_hours":null,"opening_days":null,"rating":0,"photo_url":null,"description":null,"www":null},{"place_id":"61077715","geometry":{"type":"Point","coordinates":[12.4455621,44.1624584]},"display_name":"Hotel Europa dip., 37, Viale Marina, San Mauro Pascoli, FC, EMR, 47030, Italia","category":"resting","type":"hotel","importance":0.101,"icon":"http://nominatim.openstreetmap.org/images/mapicons/accommodation_hotel2.p.20.png","visiting_time":10.0,"opening_hours":null,"opening_days":null,"rating":0,"photo_url":null,"description":null,"www":null},{"place_id":"59260176","geometry":{"type":"Point","coordinates":[12.4463956,44.163264]},"display_name":"Hotel Corallo, 15, Viale Marina, San Mauro Pascoli, FC, EMR, 47030, Italia","category":"resting","type":"hotel","importance":0.101,"icon":"http://nominatim.openstreetmap.org/images/mapicons/accommodation_hotel2.p.20.png","visiting_time":10.0,"opening_hours":null,"opening_days":null,"rating":0,"photo_url":null,"description":null,"www":null},{"place_id":"59576015","geometry":{"type":"Point","coordinates":[12.4447129,44.163817]},"display_name":"Hotel Alexander, 5, Via della Libertà, San Mauro Pascoli, FC, EMR, 47030, Italia","category":"resting","type":"hotel","importance":0.101,"icon":"http://nominatim.openstreetmap.org/images/mapicons/accommodation_hotel2.p.20.png","visiting_time":10.0,"opening_hours":null,"opening_days":null,"rating":0,"photo_url":null,"description":null,"www":null},{"place_id":"56318244","geometry":{"type":"Point","coordinates":[12.446701,44.1613429]},"display_name":"Hotel Conti, 17, Via Diana, San Mauro Pascoli, FC, EMR, 47030, Italia","category":"resting","type":"hotel","importance":0.101,"icon":"http://nominatim.openstreetmap.org/images/mapicons/accommodation_hotel2.p.20.png","visiting_time":10.0,"opening_hours":null,"opening_days":null,"rating":0,"photo_url":null,"description":null,"www":null},{"place_id":"62234076","geometry":{"type":"Point","coordinates":[12.4465529,44.1644044]},"display_name":"Hotel Pironi, 13, Viale Ruggero Pascoli, San Mauro Pascoli, FC, EMR, 47030, Italia","category":"resting","type":"hotel","importance":0.101,"icon":"http://nominatim.openstreetmap.org/images/mapicons/accommodation_hotel2.p.20.png","visiting_time":10.0,"opening_hours":null,"opening_days":null,"rating":0,"photo_url":null,"description":null,"www":null},{"place_id":"62516283","geometry":{"type":"Point","coordinates":[12.4486031,44.1617818]},"display_name":"Hotel Capitol, 3, Via Levante, Cagnona, Bellaria-Igea Marina, RN, EMR, 47030, Italia","category":"resting","type":"hotel","importance":0.101,"icon":"http://nominatim.openstreetmap.org/images/mapicons/accommodation_hotel2.p.20.png","visiting_time":10.0,"opening_hours":null,"opening_days":null,"rating":0,"photo_url":null,"description":null,"www":null},{"place_id":"121237161","geometry":{"type":"Point","coordinates":[12.455070649,44.15788945]},"display_name":"Hotel Gradara, Via Italia, Cagnona, Bellaria-Igea Marina, RN, EMR, 47030, Italia","category":"resting","type":"hotel","importance":0.101,"icon":"http://nominatim.openstreetmap.org/images/mapicons/accommodation_hotel2.p.20.png","visiting_time":10.0,"opening_hours":null,"opening_days":null,"rating":0,"photo_url":null,"description":null,"www":null},{"place_id":"62216688","geometry":{"type":"Point","coordinates":[12.4464978,44.1609505]},"display_name":"Hotel Faro, 3, Via Reno, Cagnona, Bellaria-Igea Marina, RN, EMR, 47814, Italia","category":"resting","type":"hotel","importance":0.101,"icon":"http://nominatim.openstreetmap.org/images/mapicons/accommodation_hotel2.p.20.png","visiting_time":10.0,"opening_hours":null,"opening_days":null,"rating":0,"photo_url":null,"description":null,"www":null},{"place_id":"63835254","geometry":{"type":"Point","coordinates":[12.4475489,44.1612575]},"display_name":"Hotel Atis, 19, Via Orsa Minore, Cagnona, Bellaria-Igea Marina, RN, EMR, 47841, Italia","category":"resting","type":"hotel","importance":0.101,"icon":"http://nominatim.openstreetmap.org/images/mapicons/accommodation_hotel2.p.20.png","visiting_time":10.0,"opening_hours":null,"opening_days":null,"rating":0,"photo_url":null,"description":null,"www":null},{"place_id":"105026035","geometry":{"type":"Point","coordinates":[12.454364063,44.158373]},"display_name":"Hotel Mexico, Viale dei Pioppi, Cagnona, Bellaria-Igea Marina, RN, EMR, 47030, Italia","category":"resting","type":"hotel","importance":0.101,"icon":"http://nominatim.openstreetmap.org/images/mapicons/accommodation_hotel2.p.20.png","visiting_time":10.0,"opening_hours":null,"opening_days":null,"rating":0,"photo_url":null,"description":null,"www":null},{"place_id":"59260170","geometry":{"type":"Point","coordinates":[12.4436829,44.1610999]},"display_name":"Hotel Villa Celeste, 8, Via Morigi, Cagnona, Bellaria-Igea Marina, RN, EMR, 47030, Italia","category":"resting","type":"hotel","importance":0.101,"icon":"http://nominatim.openstreetmap.org/images/mapicons/accommodation_hotel2.p.20.png","visiting_time":10.0,"opening_hours":null,"opening_days":null,"rating":0,"photo_url":null,"description":null,"www":null},{"place_id":"123941432","geometry":{"type":"Point","coordinates":[12.453974106,44.15859285]},"display_name":"Hotel Semprini, 18, Via Volosca, Cagnona, Bellaria-Igea Marina, RN, EMR, 47814, Italia","category":"resting","type":"hotel","importance":0.101,"icon":"http://nominatim.openstreetmap.org/images/mapicons/accommodation_hotel2.p.20.png","visiting_time":10.0,"opening_hours":null,"opening_days":null,"rating":0,"photo_url":null,"description":null,"www":null},{"place_id":"123425550","geometry":{"type":"Point","coordinates":[12.453807833,44.15873495]},"display_name":"Hotel Cola, 17, Via Volosca, Cagnona, Bellaria-Igea Marina, RN, EMR, 47030, Italia","category":"resting","type":"hotel","importance":0.101,"icon":"http://nominatim.openstreetmap.org/images/mapicons/accommodation_hotel2.p.20.png","visiting_time":10.0,"opening_hours":null,"opening_days":null,"rating":0,"photo_url":null,"description":null,"www":null},{"place_id":"18540889","geometry":{"type":"Point","coordinates":[12.4160581,44.1112617]},"display_name":"Via del Sole, San Mauro Pascoli, FC, EMR, 47030, Italia","category":"resting","type":"hotel","importance":0.001,"icon":"http://nominatim.openstreetmap.org/images/mapicons/accommodation_hotel2.p.20.png","visiting_time":10.0,"opening_hours":null,"opening_days":null,"rating":0,"photo_url":null,"description":null,"www":null},{"place_id":"60550985","geometry":{"type":"Point","coordinates":[12.4456104,44.1653222]},"display_name":"Albergo Hidalgo, 21, Viale Ruggero Pascoli, San Mauro Pascoli, FC, EMR, 47030, Italia","category":"resting","type":"hotel","importance":0.001,"icon":"http://nominatim.openstreetmap.org/images/mapicons/accommodation_hotel2.p.20.png","visiting_time":10.0,"opening_hours":null,"opening_days":null,"rating":0,"photo_url":null,"description":null,"www":null},{"place_id":"59260168","geometry":{"type":"Point","coordinates":[12.443925,44.1622506]},"display_name":"Pensione Sorriso, 74, Viale Marina, San Mauro Pascoli, FC, EMR, 47030, Italia","category":"resting","type":"hotel","importance":0.001,"icon":"http://nominatim.openstreetmap.org/images/mapicons/accommodation_hotel2.p.20.png","visiting_time":10.0,"opening_hours":null,"opening_days":null,"rating":0,"photo_url":null,"description":null,"www":null},{"place_id":"59256922","geometry":{"type":"Point","coordinates":[12.4385794,44.1601684]},"display_name":"Albergo Da Marco, 4, Via Ex SS. N. 16, San Mauro Pascoli, FC, EMR, 47030, Italia","category":"resting","type":"hotel","importance":0.001,"icon":"http://nominatim.openstreetmap.org/images/mapicons/accommodation_hotel2.p.20.png","visiting_time":10.0,"opening_hours":null,"opening_days":null,"rating":0,"photo_url":null,"description":null,"www":null},{"place_id":"60259426","geometry":{"type":"Point","coordinates":[12.4449575,44.1628475]},"display_name":"Baltic Meublé, 58, Viale Marina, San Mauro Pascoli, FC, EMR, 47030, Italia","category":"resting","type":"hostel","importance":0.001,"icon":null,"visiting_time":10.0,"opening_hours":null,"opening_days":null,"rating":0,"photo_url":null,"description":null,"www":null},{"place_id":"60259431","geometry":{"type":"Point","coordinates":[12.4461243,44.1648605]},"display_name":"Emanuel Meublé, 17a, Viale Ruggero Pascoli, San Mauro Pascoli, FC, EMR, 47030, Italia","category":"resting","type":"hostel","importance":0.001,"icon":null,"visiting_time":10.0,"opening_hours":null,"opening_days":null,"rating":0,"photo_url":null,"description":null,"www":null},{"place_id":"56305479","geometry":{"type":"Point","coordinates":[12.447086,44.161261]},"display_name":"Albergo Napoleon, 26, Via Orsa Minore, Cagnona, Bellaria-Igea Marina, RN, EMR, 47030, Italia","category":"resting","type":"hotel","importance":0.001,"icon":"http://nominatim.openstreetmap.org/images/mapicons/accommodation_hotel2.p.20.png","visiting_time":10.0,"opening_hours":null,"opening_days":null,"rating":0,"photo_url":null,"description":null,"www":null},{"place_id":"56119314","geometry":{"type":"Point","coordinates":[12.4477429,44.1609392]},"display_name":"Casa Adele, 1, Via Levante, Cagnona, Bellaria-Igea Marina, RN, EMR, 47814, Italia","category":"resting","type":"hostel","importance":0.001,"icon":null,"visiting_time":10.0,"opening_hours":null,"opening_days":null,"rating":0,"photo_url":null,"description":null,"www":null},{"place_id":"60259426","geometry":{"type":"Point","coordinates":[12.4449575,44.1628475]},"display_name":"Baltic Meublé, 58, Viale Marina, San Mauro Pascoli, FC, EMR, 47030, Italia","category":"resting","type":"hostel","importance":0.001,"icon":null,"visiting_time":10.0,"opening_hours":null,"opening_days":null,"rating":0,"photo_url":null,"description":null,"www":null},{"place_id":"60259431","geometry":{"type":"Point","coordinates":[12.4461243,44.1648605]},"display_name":"Emanuel Meublé, 17a, Viale Ruggero Pascoli, San Mauro Pascoli, FC, EMR, 47030, Italia","category":"resting","type":"hostel","importance":0.001,"icon":null,"visiting_time":10.0,"opening_hours":null,"opening_days":null,"rating":0,"photo_url":null,"description":null,"www":null},{"place_id":"56119314","geometry":{"type":"Point","coordinates":[12.4477429,44.1609392]},"display_name":"Casa Adele, 1, Via Levante, Cagnona, Bellaria-Igea Marina, RN, EMR, 47814, Italia","category":"resting","type":"hostel","importance":0.001,"icon":null,"visiting_time":10.0,"opening_hours":null,"opening_days":null,"rating":0,"photo_url":null,"description":null,"www":null},{"place_id":"165968129","geometry":{"type":"Point","coordinates":[12.433871301,44.166194]},"display_name":"Villaggio Camping delle Rose, 29, Via Nazionale Adriatica, Gatteo, FC, EMR, 47030, Italia","category":"resting","type":"camp_site","importance":0.101,"icon":null,"visiting_time":10.0,"opening_hours":null,"opening_days":null,"rating":0,"photo_url":null,"description":null,"www":null},{"place_id":"63908735","geometry":{"type":"Point","coordinates":[12.4321807,44.1663986]},"display_name":"Camping delle Rose, Via Nazionale Adriatica, Gatteo, FC, EMR, 47043, Italia","category":"resting","type":"camp_site","importance":0.101,"icon":null,"visiting_time":10.0,"opening_hours":null,"opening_days":null,"rating":0,"photo_url":null,"description":null,"www":null},{"place_id":"60380008","geometry":{"type":"Point","coordinates":[12.4386388,44.164618]},"display_name":"Camping Rubicone, 1, Via Matrice Sinistra, Savignano sul Rubicone, FC, EMR, 47030, Italia","category":"resting","type":"camp_site","importance":0.101,"icon":null,"visiting_time":10.0,"opening_hours":null,"opening_days":null,"rating":0,"photo_url":null,"description":null,"www":null},{"place_id":"179560106","geometry":{"type":"Point","coordinates":[12.437073453,44.16471095]},"display_name":"Camping Rubicone, 1, Via Matrice Destra, Savignano sul Rubicone, FC, EMR, 47039, Italia","category":"resting","type":"camp_site","importance":0.101,"icon":null,"visiting_time":10.0,"opening_hours":null,"opening_days":null,"rating":0,"photo_url":null,"description":null,"www":null},{"place_id":"59830813","geometry":{"type":"Point","coordinates":[12.4412433,44.1647955]},"display_name":"Camping Rubicone, 1, Via Matrice Destra, Savignano sul Rubicone, FC, EMR, 47030, Italia","category":"resting","type":"camp_site","importance":0.101,"icon":null,"visiting_time":10.0,"opening_hours":null,"opening_days":null,"rating":0,"photo_url":null,"description":null,"www":null},{"place_id":"162635152","geometry":{"type":"Point","coordinates":[12.442064935,44.16306265]},"display_name":"Camping Green, 6, Via Vespucci, San Mauro Pascoli, FC, EMR, 47030, Italia","category":"resting","type":"camp_site","importance":0.101,"icon":null,"visiting_time":10.0,"opening_hours":null,"opening_days":null,"rating":0,"photo_url":null,"description":null,"www":null},{"place_id":"60537376","geometry":{"type":"Point","coordinates":[12.4426711,44.1625869]},"display_name":"Camping Green, 6, Via Suez, San Mauro Pascoli, FC, EMR, 47030, Italia","category":"resting","type":"camp_site","importance":0.101,"icon":null,"visiting_time":10.0,"opening_hours":null,"opening_days":null,"rating":0,"photo_url":null,"description":null,"www":null},{"place_id":"162559869","geometry":{"type":"Point","coordinates":[12.449284029,44.16116985]},"display_name":"Happy Camping Village, 228, Via Alfredo Panzini, Bellaria, Bellaria-Igea Marina, RN, EMR, 47841, Italia","category":"resting","type":"camp_site","importance":0.101,"icon":null,"visiting_time":10.0,"opening_hours":null,"opening_days":null,"rating":0,"photo_url":null,"description":null,"www":null},{"place_id":"136432","geometry":{"type":"Point","coordinates":[12.4483391,44.1608291]},"display_name":"Happy, 228, Via Levante, Cagnona, Bellaria-Igea Marina, RN, EMR, 47030, Italia","category":"resting","type":"camp_site","importance":0.001,"icon":null,"visiting_time":10.0,"opening_hours":null,"opening_days":null,"rating":0,"photo_url":null,"description":null,"www":null}]