[{"place_id":"88006377","geometry":{"type":"Point","coordinates":[10.025588489,45.13355435]},"display_name":"Cattedrale di Santa Maria Assunta, Piazza del Comune, Centro Storico, Cremona, CR, LOM, 26100, Italia","category":"attractions","type":"attraction","importance":0.27916595,"icon":"http://nominatim.openstreetmap.org/images/mapicons/poi_point_of_interest.p.20.png","visiting_time":30.0,"opening_hours":null,"opening_days":null,"rating":0,"photo_url":null,"description":null,"www":null},{"place_id":"75552804","geometry":{"type":"Point","coordinates":[10.025066348,45.1331266]},"display_name":"Battistero, Piazza del Comune, Centro Storico, Cremona, CR, LOM, 26100, Italia","category":"attractions","type":"attraction","importance":0.13061965,"icon":"http://nominatim.openstreetmap.org/images/mapicons/poi_point_of_interest.p.20.png","visiting_time":30.0,"opening_hours":null,"opening_days":null,"rating":0,"photo_url":null,"description":null,"www":null},{"place_id":"76177757","geometry":{"type":"Point","coordinates":[10.024619704,45.13316715]},"display_name":"Loggia dei Militi, Piazza del Comune, Centro Storico, Cremona, CR, LOM, 26100, Italia","category":"attractions","type":"attraction","importance":0.093055315,"icon":"http://nominatim.openstreetmap.org/images/mapicons/poi_point_of_interest.p.20.png","visiting_time":30.0,"opening_hours":null,"opening_days":null,"rating":0,"photo_url":null,"description":null,"www":null},{"place_id":"177368215","geometry":{"type":"Point","coordinates":[10.023871779,45.13336295]},"display_name":"Palazzo Comunale, Piazza Stradivari, Centro Storico, Cremona, CR, LOM, 26100, Italia","category":"attractions","type":"attraction","importance":0.001,"icon":"http://nominatim.openstreetmap.org/images/mapicons/poi_point_of_interest.p.20.png","visiting_time":30.0,"opening_hours":null,"opening_days":null,"rating":0,"photo_url":null,"description":null,"www":null},{"place_id":"23430806","geometry":{"type":"Point","coordinates":[9.9986962,45.1272902]},"display_name":"attracco fluviale di Cremone, Largo Marinai d'Italia, Zona Po, Cremona, CR, LOM, 26100, Italia","category":"attractions","type":"viewpoint","importance":0.001,"icon":"http://nominatim.openstreetmap.org/images/mapicons/tourist_view_point.p.20.png","visiting_time":10.0,"opening_hours":null,"opening_days":null,"rating":0,"photo_url":null,"description":null,"www":null},{"place_id":"59321280","geometry":{"type":"Point","coordinates":[10.0251607,45.1337055]},"display_name":"Orologio Astronomico Torrazzo, Piazza del Comune, Centro Storico, Cremona, CR, LOM, 26100, Italia","category":"attractions","type":"artwork","importance":0.001,"icon":"http://nominatim.openstreetmap.org/images/mapicons/tourist_art_gallery2.p.20.png","visiting_time":5.0,"opening_hours":null,"opening_days":null,"rating":0,"photo_url":null,"description":null,"www":null},{"place_id":"54216602","geometry":{"type":"Point","coordinates":[10.0144566,45.1315171]},"display_name":"Lo Spuntino Pizzeria Ristorante, 4c, Via della Cooperazione, Zona Po, Cremona, CR, LOM, 26100, Italia","category":"eating","type":"restaurant","importance":0.001,"icon":"http://nominatim.openstreetmap.org/images/mapicons/food_restaurant.p.20.png","visiting_time":60.0,"opening_hours":null,"opening_days":null,"rating":0,"photo_url":null,"description":null,"www":null},{"place_id":"7836082","geometry":{"type":"Point","coordinates":[10.0244205,45.1331701]},"display_name":"Albergo Ristorante Al Duomo, Via dei Gonfalonieri, Centro Storico, Cremona, CR, LOM, 26100, Italia","category":"eating","type":"restaurant","importance":0.001,"icon":"http://nominatim.openstreetmap.org/images/mapicons/food_restaurant.p.20.png","visiting_time":60.0,"opening_hours":null,"opening_days":null,"rating":0,"photo_url":null,"description":null,"www":null},{"place_id":"14692764","geometry":{"type":"Point","coordinates":[10.0000976,45.1277146]},"display_name":"La Lucciola, Via del Porto, Zona Po, Cremona, CR, LOM, 26100, Italia","category":"eating","type":"restaurant","importance":0.001,"icon":"http://nominatim.openstreetmap.org/images/mapicons/food_restaurant.p.20.png","visiting_time":60.0,"opening_hours":null,"opening_days":null,"rating":0,"photo_url":null,"description":null,"www":null},{"place_id":"139224259","geometry":{"type":"Point","coordinates":[9.99259026,45.1327581]},"display_name":"Via Riglio, Tamoil, Incrociatello, Cremona, CR, LOM, 26100, Italia","category":"eating","type":"restaurant","importance":0.001,"icon":"http://nominatim.openstreetmap.org/images/mapicons/food_restaurant.p.20.png","visiting_time":60.0,"opening_hours":null,"opening_days":null,"rating":0,"photo_url":null,"description":null,"www":null},{"place_id":"50746647","geometry":{"type":"Point","coordinates":[10.0095595,45.1267687]},"display_name":"ristorante Dordoni, Via Portinari del Po, Zona Po, Cremona, CR, LOM, 26100, Italia","category":"eating","type":"restaurant","importance":0.001,"icon":"http://nominatim.openstreetmap.org/images/mapicons/food_restaurant.p.20.png","visiting_time":60.0,"opening_hours":null,"opening_days":null,"rating":0,"photo_url":null,"description":null,"www":null},{"place_id":"49811883","geometry":{"type":"Point","coordinates":[10.0006195,45.1262639]},"display_name":"Cocco Drilli, Via Lungo Po Europa, Zona Po, Cremona, CR, LOM, 26100, Italia","category":"eating","type":"restaurant","importance":0.001,"icon":"http://nominatim.openstreetmap.org/images/mapicons/food_restaurant.p.20.png","visiting_time":60.0,"opening_hours":null,"opening_days":null,"rating":0,"photo_url":null,"description":null,"www":null},{"place_id":"34202638","geometry":{"type":"Point","coordinates":[10.0354583,45.1110184]},"display_name":"La Golina, Via Poderetto, Gerre de' Caprioli, CR, LOM, 26100, Italia","category":"eating","type":"restaurant","importance":0.001,"icon":"http://nominatim.openstreetmap.org/images/mapicons/food_restaurant.p.20.png","visiting_time":60.0,"opening_hours":null,"opening_days":null,"rating":0,"photo_url":null,"description":null,"www":null},{"place_id":"20630510","geometry":{"type":"Point","coordinates":[9.990803,45.0681875]},"display_name":"Via G. Maggi, Anselmi, Castelvetro Piacentino, PC, EMR, Italia","category":"eating","type":"restaurant","importance":0.001,"icon":"http://nominatim.openstreetmap.org/images/mapicons/food_restaurant.p.20.png","visiting_time":60.0,"opening_hours":null,"opening_days":null,"rating":0,"photo_url":null,"description":null,"www":null},{"place_id":"20225769","geometry":{"type":"Point","coordinates":[9.9836228,45.1024162]},"display_name":"Viale Stazione, Anselmi, Castelvetro Piacentino, PC, EMR, 26100, Italia","category":"eating","type":"restaurant","importance":0.001,"icon":"http://nominatim.openstreetmap.org/images/mapicons/food_restaurant.p.20.png","visiting_time":60.0,"opening_hours":null,"opening_days":null,"rating":0,"photo_url":null,"description":null,"www":null},{"place_id":"20630520","geometry":{"type":"Point","coordinates":[9.9769285,45.0965291]},"display_name":"La Vecchia Fornace, Via Roma, Anselmi, Castelvetro Piacentino, PC, EMR, Italia","category":"eating","type":"restaurant","importance":0.001,"icon":"http://nominatim.openstreetmap.org/images/mapicons/food_restaurant.p.20.png","visiting_time":60.0,"opening_hours":null,"opening_days":null,"rating":0,"photo_url":null,"description":null,"www":null},{"place_id":"20225763","geometry":{"type":"Point","coordinates":[9.9766334,45.0970706]},"display_name":"La Padana, Strada Provinciale 10R Padana Inferiore, Anselmi, Castelvetro Piacentino, PC, EMR, Italia","category":"eating","type":"restaurant","importance":0.001,"icon":"http://nominatim.openstreetmap.org/images/mapicons/food_restaurant.p.20.png","visiting_time":60.0,"opening_hours":null,"opening_days":null,"rating":0,"photo_url":null,"description":null,"www":null},{"place_id":"20391541","geometry":{"type":"Point","coordinates":[9.9783005,45.0969139]},"display_name":"Osteria Ca' Nova, Via Roma, Anselmi, Castelvetro Piacentino, PC, EMR, Italia","category":"eating","type":"restaurant","importance":0.001,"icon":"http://nominatim.openstreetmap.org/images/mapicons/food_restaurant.p.20.png","visiting_time":60.0,"opening_hours":null,"opening_days":null,"rating":0,"photo_url":null,"description":null,"www":null},{"place_id":"15590497","geometry":{"type":"Point","coordinates":[9.988266,45.1032197]},"display_name":"Ai Pisaroni, Via A. Bernini, Anselmi, Castelvetro Piacentino, PC, EMR, 26100, Italia","category":"eating","type":"restaurant","importance":0.001,"icon":"http://nominatim.openstreetmap.org/images/mapicons/food_restaurant.p.20.png","visiting_time":60.0,"opening_hours":null,"opening_days":null,"rating":0,"photo_url":null,"description":null,"www":null},{"place_id":"20465011","geometry":{"type":"Point","coordinates":[9.9986056,45.1161433]},"display_name":"Osterio del Pescatore, Via Po, Cascina Capuzzi, Castelvetro Piacentino, PC, EMR, 26100, Italia","category":"eating","type":"restaurant","importance":0.001,"icon":"http://nominatim.openstreetmap.org/images/mapicons/food_restaurant.p.20.png","visiting_time":60.0,"opening_hours":null,"opening_days":null,"rating":0,"photo_url":null,"description":null,"www":null},{"place_id":"54216602","geometry":{"type":"Point","coordinates":[10.0144566,45.1315171]},"display_name":"Lo Spuntino Pizzeria Ristorante, 4c, Via della Cooperazione, Zona Po, Cremona, CR, LOM, 26100, Italia","category":"eating","type":"restaurant","importance":0.001,"icon":"http://nominatim.openstreetmap.org/images/mapicons/food_restaurant.p.20.png","visiting_time":60.0,"opening_hours":null,"opening_days":null,"rating":0,"photo_url":null,"description":null,"www":null},{"place_id":"7836082","geometry":{"type":"Point","coordinates":[10.0244205,45.1331701]},"display_name":"Albergo Ristorante Al Duomo, Via dei Gonfalonieri, Centro Storico, Cremona, CR, LOM, 26100, Italia","category":"eating","type":"restaurant","importance":0.001,"icon":"http://nominatim.openstreetmap.org/images/mapicons/food_restaurant.p.20.png","visiting_time":60.0,"opening_hours":null,"opening_days":null,"rating":0,"photo_url":null,"description":null,"www":null},{"place_id":"14692764","geometry":{"type":"Point","coordinates":[10.0000976,45.1277146]},"display_name":"La Lucciola, Via del Porto, Zona Po, Cremona, CR, LOM, 26100, Italia","category":"eating","type":"restaurant","importance":0.001,"icon":"http://nominatim.openstreetmap.org/images/mapicons/food_restaurant.p.20.png","visiting_time":60.0,"opening_hours":null,"opening_days":null,"rating":0,"photo_url":null,"description":null,"www":null},{"place_id":"139224259","geometry":{"type":"Point","coordinates":[9.99259026,45.1327581]},"display_name":"Via Riglio, Tamoil, Incrociatello, Cremona, CR, LOM, 26100, Italia","category":"eating","type":"restaurant","importance":0.001,"icon":"http://nominatim.openstreetmap.org/images/mapicons/food_restaurant.p.20.png","visiting_time":60.0,"opening_hours":null,"opening_days":null,"rating":0,"photo_url":null,"description":null,"www":null},{"place_id":"50746647","geometry":{"type":"Point","coordinates":[10.0095595,45.1267687]},"display_name":"ristorante Dordoni, Via Portinari del Po, Zona Po, Cremona, CR, LOM, 26100, Italia","category":"eating","type":"restaurant","importance":0.001,"icon":"http://nominatim.openstreetmap.org/images/mapicons/food_restaurant.p.20.png","visiting_time":60.0,"opening_hours":null,"opening_days":null,"rating":0,"photo_url":null,"description":null,"www":null},{"place_id":"49811883","geometry":{"type":"Point","coordinates":[10.0006195,45.1262639]},"display_name":"Cocco Drilli, Via Lungo Po Europa, Zona Po, Cremona, CR, LOM, 26100, Italia","category":"eating","type":"restaurant","importance":0.001,"icon":"http://nominatim.openstreetmap.org/images/mapicons/food_restaurant.p.20.png","visiting_time":60.0,"opening_hours":null,"opening_days":null,"rating":0,"photo_url":null,"description":null,"www":null},{"place_id":"34202638","geometry":{"type":"Point","coordinates":[10.0354583,45.1110184]},"display_name":"La Golina, Via Poderetto, Gerre de' Caprioli, CR, LOM, 26100, Italia","category":"eating","type":"restaurant","importance":0.001,"icon":"http://nominatim.openstreetmap.org/images/mapicons/food_restaurant.p.20.png","visiting_time":60.0,"opening_hours":null,"opening_days":null,"rating":0,"photo_url":null,"description":null,"www":null},{"place_id":"20630510","geometry":{"type":"Point","coordinates":[9.990803,45.0681875]},"display_name":"Via G. Maggi, Anselmi, Castelvetro Piacentino, PC, EMR, Italia","category":"eating","type":"restaurant","importance":0.001,"icon":"http://nominatim.openstreetmap.org/images/mapicons/food_restaurant.p.20.png","visiting_time":60.0,"opening_hours":null,"opening_days":null,"rating":0,"photo_url":null,"description":null,"www":null},{"place_id":"20225769","geometry":{"type":"Point","coordinates":[9.9836228,45.1024162]},"display_name":"Viale Stazione, Anselmi, Castelvetro Piacentino, PC, EMR, 26100, Italia","category":"eating","type":"restaurant","importance":0.001,"icon":"http://nominatim.openstreetmap.org/images/mapicons/food_restaurant.p.20.png","visiting_time":60.0,"opening_hours":null,"opening_days":null,"rating":0,"photo_url":null,"description":null,"www":null},{"place_id":"20630520","geometry":{"type":"Point","coordinates":[9.9769285,45.0965291]},"display_name":"La Vecchia Fornace, Via Roma, Anselmi, Castelvetro Piacentino, PC, EMR, Italia","category":"eating","type":"restaurant","importance":0.001,"icon":"http://nominatim.openstreetmap.org/images/mapicons/food_restaurant.p.20.png","visiting_time":60.0,"opening_hours":null,"opening_days":null,"rating":0,"photo_url":null,"description":null,"www":null},{"place_id":"20225763","geometry":{"type":"Point","coordinates":[9.9766334,45.0970706]},"display_name":"La Padana, Strada Provinciale 10R Padana Inferiore, Anselmi, Castelvetro Piacentino, PC, EMR, Italia","category":"eating","type":"restaurant","importance":0.001,"icon":"http://nominatim.openstreetmap.org/images/mapicons/food_restaurant.p.20.png","visiting_time":60.0,"opening_hours":null,"opening_days":null,"rating":0,"photo_url":null,"description":null,"www":null},{"place_id":"20391541","geometry":{"type":"Point","coordinates":[9.9783005,45.0969139]},"display_name":"Osteria Ca' Nova, Via Roma, Anselmi, Castelvetro Piacentino, PC, EMR, Italia","category":"eating","type":"restaurant","importance":0.001,"icon":"http://nominatim.openstreetmap.org/images/mapicons/food_restaurant.p.20.png","visiting_time":60.0,"opening_hours":null,"opening_days":null,"rating":0,"photo_url":null,"description":null,"www":null},{"place_id":"15590497","geometry":{"type":"Point","coordinates":[9.988266,45.1032197]},"display_name":"Ai Pisaroni, Via A. Bernini, Anselmi, Castelvetro Piacentino, PC, EMR, 26100, Italia","category":"eating","type":"restaurant","importance":0.001,"icon":"http://nominatim.openstreetmap.org/images/mapicons/food_restaurant.p.20.png","visiting_time":60.0,"opening_hours":null,"opening_days":null,"rating":0,"photo_url":null,"description":null,"www":null},{"place_id":"20465011","geometry":{"type":"Point","coordinates":[9.9986056,45.1161433]},"display_name":"Osterio del Pescatore, Via Po, Cascina Capuzzi, Castelvetro Piacentino, PC, EMR, 26100, Italia","category":"eating","type":"restaurant","importance":0.001,"icon":"http://nominatim.openstreetmap.org/images/mapicons/food_restaurant.p.20.png","visiting_time":60.0,"opening_hours":null,"opening_days":null,"rating":0,"photo_url":null,"description":null,"www":null},{"place_id":"16151752","geometry":{"type":"Point","coordinates":[10.0250517,45.1328778]},"display_name":"Lex, 6, Via S. A. Maria Zaccaria, Centro Storico, Cremona, CR, LOM, 26100, Italia","category":"lifestyle","type":"pub","importance":0.001,"icon":"http://nominatim.openstreetmap.org/images/mapicons/food_pub.p.20.png","visiting_time":10.0,"opening_hours":null,"opening_days":null,"rating":0,"photo_url":null,"description":null,"www":null},{"place_id":"49909556","geometry":{"type":"Point","coordinates":[10.0004958,45.1305955]},"display_name":"irish times, SPexSS10, Zona Po, Cremona, CR, LOM, 26100, Italia","category":"lifestyle","type":"pub","importance":0.001,"icon":"http://nominatim.openstreetmap.org/images/mapicons/food_pub.p.20.png","visiting_time":10.0,"opening_hours":null,"opening_days":null,"rating":0,"photo_url":null,"description":null,"www":null},{"place_id":"43124406","geometry":{"type":"Point","coordinates":[10.0234541,45.1327359]},"display_name":"Il Maialino di Gio', 14, Piazza della Pace, Centro Storico, Cremona, CR, LOM, 26100, Italia","category":"lifestyle","type":"bar","importance":0.001,"icon":"http://nominatim.openstreetmap.org/images/mapicons/food_bar.p.20.png","visiting_time":10.0,"opening_hours":null,"opening_days":null,"rating":0,"photo_url":null,"description":null,"www":null},{"place_id":"15091269","geometry":{"type":"Point","coordinates":[10.0056219,45.1234118]},"display_name":"Livrini, Via Lungo Po Europa, Zona Po, Cremona, CR, LOM, 26100, Italia","category":"lifestyle","type":"bar","importance":0.001,"icon":"http://nominatim.openstreetmap.org/images/mapicons/food_bar.p.20.png","visiting_time":10.0,"opening_hours":null,"opening_days":null,"rating":0,"photo_url":null,"description":null,"www":null},{"place_id":"20296069","geometry":{"type":"Point","coordinates":[9.9630083,45.1056996]},"display_name":"Frazione Fogarole, Colombaia Greppo, Monticelli d'Ongina, PC, EMR, Italia","category":"lifestyle","type":"bar","importance":0.001,"icon":"http://nominatim.openstreetmap.org/images/mapicons/food_bar.p.20.png","visiting_time":10.0,"opening_hours":null,"opening_days":null,"rating":0,"photo_url":null,"description":null,"www":null},{"place_id":"20480586","geometry":{"type":"Point","coordinates":[9.9933264,45.0705637]},"display_name":"Via Ugo Biolchi, Anselmi, Castelvetro Piacentino, PC, EMR, Italia","category":"lifestyle","type":"bar","importance":0.001,"icon":"http://nominatim.openstreetmap.org/images/mapicons/food_bar.p.20.png","visiting_time":10.0,"opening_hours":null,"opening_days":null,"rating":0,"photo_url":null,"description":null,"www":null},{"place_id":"20343449","geometry":{"type":"Point","coordinates":[9.989768,45.1075574]},"display_name":"Via Martiri Duchi e Molinari, Anselmi, Castelvetro Piacentino, PC, EMR, 26100, Italia","category":"lifestyle","type":"bar","importance":0.001,"icon":"http://nominatim.openstreetmap.org/images/mapicons/food_bar.p.20.png","visiting_time":10.0,"opening_hours":null,"opening_days":null,"rating":0,"photo_url":null,"description":null,"www":null},{"place_id":"16151752","geometry":{"type":"Point","coordinates":[10.0250517,45.1328778]},"display_name":"Lex, 6, Via S. A. Maria Zaccaria, Centro Storico, Cremona, CR, LOM, 26100, Italia","category":"lifestyle","type":"pub","importance":0.001,"icon":"http://nominatim.openstreetmap.org/images/mapicons/food_pub.p.20.png","visiting_time":90.0,"opening_hours":null,"opening_days":null,"rating":0,"photo_url":null,"description":null,"www":null},{"place_id":"49909556","geometry":{"type":"Point","coordinates":[10.0004958,45.1305955]},"display_name":"irish times, SPexSS10, Zona Po, Cremona, CR, LOM, 26100, Italia","category":"lifestyle","type":"pub","importance":0.001,"icon":"http://nominatim.openstreetmap.org/images/mapicons/food_pub.p.20.png","visiting_time":90.0,"opening_hours":null,"opening_days":null,"rating":0,"photo_url":null,"description":null,"www":null},{"place_id":"43124406","geometry":{"type":"Point","coordinates":[10.0234541,45.1327359]},"display_name":"Il Maialino di Gio', 14, Piazza della Pace, Centro Storico, Cremona, CR, LOM, 26100, Italia","category":"lifestyle","type":"bar","importance":0.001,"icon":"http://nominatim.openstreetmap.org/images/mapicons/food_bar.p.20.png","visiting_time":90.0,"opening_hours":null,"opening_days":null,"rating":0,"photo_url":null,"description":null,"www":null},{"place_id":"15091269","geometry":{"type":"Point","coordinates":[10.0056219,45.1234118]},"display_name":"Livrini, Via Lungo Po Europa, Zona Po, Cremona, CR, LOM, 26100, Italia","category":"lifestyle","type":"bar","importance":0.001,"icon":"http://nominatim.openstreetmap.org/images/mapicons/food_bar.p.20.png","visiting_time":90.0,"opening_hours":null,"opening_days":null,"rating":0,"photo_url":null,"description":null,"www":null},{"place_id":"20296069","geometry":{"type":"Point","coordinates":[9.9630083,45.1056996]},"display_name":"Frazione Fogarole, Colombaia Greppo, Monticelli d'Ongina, PC, EMR, Italia","category":"lifestyle","type":"bar","importance":0.001,"icon":"http://nominatim.openstreetmap.org/images/mapicons/food_bar.p.20.png","visiting_time":90.0,"opening_hours":null,"opening_days":null,"rating":0,"photo_url":null,"description":null,"www":null},{"place_id":"20480586","geometry":{"type":"Point","coordinates":[9.9933264,45.0705637]},"display_name":"Via Ugo Biolchi, Anselmi, Castelvetro Piacentino, PC, EMR, Italia","category":"lifestyle","type":"bar","importance":0.001,"icon":"http://nominatim.openstreetmap.org/images/mapicons/food_bar.p.20.png","visiting_time":90.0,"opening_hours":null,"opening_days":null,"rating":0,"photo_url":null,"description":null,"www":null},{"place_id":"20343449","geometry":{"type":"Point","coordinates":[9.989768,45.1075574]},"display_name":"Via Martiri Duchi e Molinari, Anselmi, Castelvetro Piacentino, PC, EMR, 26100, Italia","category":"lifestyle","type":"bar","importance":0.001,"icon":"http://nominatim.openstreetmap.org/images/mapicons/food_bar.p.20.png","visiting_time":90.0,"opening_hours":null,"opening_days":null,"rating":0,"photo_url":null,"description":null,"www":null},{"place_id":"180169053","geometry":{"type":"Point","coordinates":[-8.3350726,43.2233149]},"display_name":"Abegondo, Galicia, CAFE, España","category":"lifestyle","type":"postcode","importance":0.2125,"icon":null,"visiting_time":10.0,"opening_hours":null,"opening_days":null,"rating":0,"photo_url":null,"description":null,"www":null},{"place_id":"20551164","geometry":{"type":"Point","coordinates":[9.9766402,45.0958272]},"display_name":"Via Roma, Anselmi, Castelvetro Piacentino, PC, EMR, Italia","category":"lifestyle","type":"nightclub","importance":0.001,"icon":null,"visiting_time":120.0,"opening_hours":null,"opening_days":null,"rating":0,"photo_url":null,"description":null,"www":null},{"place_id":"50373868","geometry":{"type":"Point","coordinates":[9.9989518,45.1272511]},"display_name":"Largo Marinai d'Italia, Zona Po, Cremona, CR, LOM, 26100, Italia","category":"attractions","type":"monument","importance":0.001,"icon":"http://nominatim.openstreetmap.org/images/mapicons/tourist_monument.p.20.png","visiting_time":10.0,"opening_hours":null,"opening_days":null,"rating":0,"photo_url":null,"description":null,"www":null},{"place_id":"142345564","geometry":{"type":"Point","coordinates":[10.023101394,45.1312835]},"display_name":"Museo del violino, Piazza Guglielmo Marconi, Centro Storico, Cremona, CR, LOM, 26100, Italia","category":"attractions","type":"museum","importance":0.001,"icon":"http://nominatim.openstreetmap.org/images/mapicons/tourist_museum.p.20.png","visiting_time":120.0,"opening_hours":null,"opening_days":null,"rating":0,"photo_url":null,"description":null,"www":null},{"place_id":"50714687","geometry":{"type":"Point","coordinates":[10.0072806,45.1215473]},"display_name":"Zona Po, Cremona, CR, LOM, 26100, Italia","category":"parks","type":"park","importance":0.15,"icon":null,"visiting_time":90.0,"opening_hours":null,"opening_days":null,"rating":0,"photo_url":null,"description":null,"www":null},{"place_id":"97107582","geometry":{"type":"Point","coordinates":[10.004128971,45.1249135]},"display_name":"Parco al Po, Zona Po, Cremona, CR, LOM, 26100, Italia","category":"parks","type":"park","importance":0.15,"icon":null,"visiting_time":90.0,"opening_hours":null,"opening_days":null,"rating":0,"photo_url":null,"description":null,"www":null},{"place_id":"96360841","geometry":{"type":"Point","coordinates":[10.006807702,45.12242595]},"display_name":"Parco al Po Colonie Padane, Zona Po, Cremona, CR, LOM, 26100, Italia","category":"parks","type":"park","importance":0.15,"icon":null,"visiting_time":90.0,"opening_hours":null,"opening_days":null,"rating":0,"photo_url":null,"description":null,"www":null},{"place_id":"152606993","geometry":{"type":"Point","coordinates":[10.011848616,45.12965815]},"display_name":"Parco Igino Sartori, Zona Po, Cremona, CR, LOM, 26100, Italia","category":"parks","type":"park","importance":0.15,"icon":null,"visiting_time":90.0,"opening_hours":null,"opening_days":null,"rating":0,"photo_url":null,"description":null,"www":null},{"place_id":"163583354","geometry":{"type":"Point","coordinates":[10.020540583,45.13019845]},"display_name":"Centro Storico, Cremona, CR, LOM, 26100, Italia","category":"parks","type":"park","importance":0.15,"icon":null,"visiting_time":90.0,"opening_hours":null,"opening_days":null,"rating":0,"photo_url":null,"description":null,"www":null},{"place_id":"135310626","geometry":{"type":"Point","coordinates":[10.013636067,45.13154185]},"display_name":"Parco Tognazzi, Zona Po, Cremona, CR, LOM, 26100, Italia","category":"parks","type":"park","importance":0.15,"icon":null,"visiting_time":90.0,"opening_hours":null,"opening_days":null,"rating":0,"photo_url":null,"description":null,"www":null},{"place_id":"88006366","geometry":{"type":"Point","coordinates":[10.025588489,45.13355435]},"display_name":"Cattedrale di Santa Maria Assunta, Piazza del Comune, Centro Storico, Cremona, CR, LOM, 26100, Italia","category":"attractions","type":"place_of_worship","importance":0.27916595,"icon":"http://nominatim.openstreetmap.org/images/mapicons/place_of_worship_unknown3.p.20.png","visiting_time":30.0,"opening_hours":null,"opening_days":null,"rating":0,"photo_url":null,"description":null,"www":null},{"place_id":"157796657","geometry":{"type":"Point","coordinates":[10.007436749,45.13314965]},"display_name":"Cristo Re, Via Mella, Zona Po, Cremona, CR, LOM, 26100, Italia","category":"attractions","type":"place_of_worship","importance":0.001,"icon":"http://nominatim.openstreetmap.org/images/mapicons/place_of_worship_unknown3.p.20.png","visiting_time":30.0,"opening_hours":null,"opening_days":null,"rating":0,"photo_url":null,"description":null,"www":null},{"place_id":"151398076","geometry":{"type":"Point","coordinates":[10.027148475,45.13087515]},"display_name":"Chiesa dei Santi Imerio e Clemente, Via Aporti, Giordano, Cremona, CR, LOM, 26100, Italia","category":"attractions","type":"place_of_worship","importance":0.001,"icon":"http://nominatim.openstreetmap.org/images/mapicons/place_of_worship_unknown3.p.20.png","visiting_time":30.0,"opening_hours":null,"opening_days":null,"rating":0,"photo_url":null,"description":null,"www":null},{"place_id":"112675609","geometry":{"type":"Point","coordinates":[9.963948161,45.10509015]},"display_name":"Frazione Fogarole, Colombaia Greppo, Monticelli d'Ongina, PC, EMR, Italia","category":"attractions","type":"place_of_worship","importance":0.001,"icon":"http://nominatim.openstreetmap.org/images/mapicons/place_of_worship_unknown3.p.20.png","visiting_time":30.0,"opening_hours":null,"opening_days":null,"rating":0,"photo_url":null,"description":null,"www":null},{"place_id":"114305528","geometry":{"type":"Point","coordinates":[9.993851572,45.07041915]},"display_name":"Via Manfredini, Anselmi, Castelvetro Piacentino, PC, EMR, Italia","category":"attractions","type":"place_of_worship","importance":0.001,"icon":"http://nominatim.openstreetmap.org/images/mapicons/place_of_worship_unknown3.p.20.png","visiting_time":30.0,"opening_hours":null,"opening_days":null,"rating":0,"photo_url":null,"description":null,"www":null},{"place_id":"111652617","geometry":{"type":"Point","coordinates":[9.989876709,45.10511525]},"display_name":"Via F. Soldati, Anselmi, Castelvetro Piacentino, PC, EMR, 26100, Italia","category":"attractions","type":"place_of_worship","importance":0.001,"icon":"http://nominatim.openstreetmap.org/images/mapicons/place_of_worship_unknown3.p.20.png","visiting_time":30.0,"opening_hours":null,"opening_days":null,"rating":0,"photo_url":null,"description":null,"www":null},{"place_id":"88006366","geometry":{"type":"Point","coordinates":[10.025588489,45.13355435]},"display_name":"Cattedrale di Santa Maria Assunta, Piazza del Comune, Centro Storico, Cremona, CR, LOM, 26100, Italia","category":"attractions","type":"place_of_worship","importance":0.27916595,"icon":"http://nominatim.openstreetmap.org/images/mapicons/place_of_worship_unknown3.p.20.png","visiting_time":30.0,"opening_hours":null,"opening_days":null,"rating":0,"photo_url":null,"description":null,"www":null},{"place_id":"157796657","geometry":{"type":"Point","coordinates":[10.007436749,45.13314965]},"display_name":"Cristo Re, Via Mella, Zona Po, Cremona, CR, LOM, 26100, Italia","category":"attractions","type":"place_of_worship","importance":0.001,"icon":"http://nominatim.openstreetmap.org/images/mapicons/place_of_worship_unknown3.p.20.png","visiting_time":30.0,"opening_hours":null,"opening_days":null,"rating":0,"photo_url":null,"description":null,"www":null},{"place_id":"151398076","geometry":{"type":"Point","coordinates":[10.027148475,45.13087515]},"display_name":"Chiesa dei Santi Imerio e Clemente, Via Aporti, Giordano, Cremona, CR, LOM, 26100, Italia","category":"attractions","type":"place_of_worship","importance":0.001,"icon":"http://nominatim.openstreetmap.org/images/mapicons/place_of_worship_unknown3.p.20.png","visiting_time":30.0,"opening_hours":null,"opening_days":null,"rating":0,"photo_url":null,"description":null,"www":null},{"place_id":"112675609","geometry":{"type":"Point","coordinates":[9.963948161,45.10509015]},"display_name":"Frazione Fogarole, Colombaia Greppo, Monticelli d'Ongina, PC, EMR, Italia","category":"attractions","type":"place_of_worship","importance":0.001,"icon":"http://nominatim.openstreetmap.org/images/mapicons/place_of_worship_unknown3.p.20.png","visiting_time":30.0,"opening_hours":null,"opening_days":null,"rating":0,"photo_url":null,"description":null,"www":null},{"place_id":"114305528","geometry":{"type":"Point","coordinates":[9.993851572,45.07041915]},"display_name":"Via Manfredini, Anselmi, Castelvetro Piacentino, PC, EMR, Italia","category":"attractions","type":"place_of_worship","importance":0.001,"icon":"http://nominatim.openstreetmap.org/images/mapicons/place_of_worship_unknown3.p.20.png","visiting_time":30.0,"opening_hours":null,"opening_days":null,"rating":0,"photo_url":null,"description":null,"www":null},{"place_id":"111652617","geometry":{"type":"Point","coordinates":[9.989876709,45.10511525]},"display_name":"Via F. Soldati, Anselmi, Castelvetro Piacentino, PC, EMR, 26100, Italia","category":"attractions","type":"place_of_worship","importance":0.001,"icon":"http://nominatim.openstreetmap.org/images/mapicons/place_of_worship_unknown3.p.20.png","visiting_time":30.0,"opening_hours":null,"opening_days":null,"rating":0,"photo_url":null,"description":null,"www":null},{"place_id":"28205708","geometry":{"type":"Point","coordinates":[10.027079,45.1328876]},"display_name":"Delle Arti Hotel, 8, Via Geremia Bonomelli, Centro Storico, Cremona, CR, LOM, 26100, Italia","category":"resting","type":"hotel","importance":0.101,"icon":"http://nominatim.openstreetmap.org/images/mapicons/accommodation_hotel2.p.20.png","visiting_time":10.0,"opening_hours":null,"opening_days":null,"rating":0,"photo_url":null,"description":null,"www":null},{"place_id":"8395301","geometry":{"type":"Point","coordinates":[9.9998911,45.1306521]},"display_name":"Hotel Cremona, Viale Po, Zona Po, Cremona, CR, LOM, 26100, Italia","category":"resting","type":"hotel","importance":0.101,"icon":"http://nominatim.openstreetmap.org/images/mapicons/accommodation_hotel2.p.20.png","visiting_time":10.0,"opening_hours":null,"opening_days":null,"rating":0,"photo_url":null,"description":null,"www":null},{"place_id":"7836093","geometry":{"type":"Point","coordinates":[10.0244205,45.1331701]},"display_name":"Albergo Ristorante Al Duomo, Via dei Gonfalonieri, Centro Storico, Cremona, CR, LOM, 26100, Italia","category":"resting","type":"hotel","importance":0.001,"icon":"http://nominatim.openstreetmap.org/images/mapicons/accommodation_hotel2.p.20.png","visiting_time":10.0,"opening_hours":null,"opening_days":null,"rating":0,"photo_url":null,"description":null,"www":null},{"place_id":"111854311","geometry":{"type":"Point","coordinates":[9.976579361,45.09644245]},"display_name":"Novecento, Strada Provinciale 10R Padana Inferiore, Anselmi, Castelvetro Piacentino, PC, EMR, Italia","category":"resting","type":"hotel","importance":0.001,"icon":"http://nominatim.openstreetmap.org/images/mapicons/accommodation_hotel2.p.20.png","visiting_time":10.0,"opening_hours":null,"opening_days":null,"rating":0,"photo_url":null,"description":null,"www":null},{"place_id":"50096071","geometry":{"type":"Point","coordinates":[10.0085273,45.1207095]},"display_name":"Al Po, Via Lungo Po Europa, Zona Po, Cremona, CR, LOM, 26100, Italia","category":"resting","type":"camp_site","importance":0.001,"icon":null,"visiting_time":10.0,"opening_hours":null,"opening_days":null,"rating":0,"photo_url":null,"description":null,"www":null}]